trial_rank,trial_number,trial_sse,trial_composition,trial_n_nonmag,similar_rank_local,similar_index,similar_cosine,similar_sq_distance,similar_filename,similar_sse,similar_xm_ratio,category
1,42747,1.0605180263519287,Fe-S,4,1,1589,0.6941230337590026,84.08398712623793,POSCAR_Cu2O2_1_st950,1.633544,1.0,top5_4coordination
1,42747,1.0605180263519287,Fe-S,4,2,1590,0.6874665276267277,85.41923289642547,POSCAR_Cu2O2_1_st975,1.590435,1.0,top5_4coordination
1,42747,1.0605180263519287,Fe-S,4,3,1593,0.6844330266650176,86.1603470636279,POSCAR_Cu2O2_1_z950,1.487449,1.0,top5_4coordination
1,42747,1.0605180263519287,Fe-S,4,4,1594,0.6830517757492014,86.36670320275923,POSCAR_Cu2O2_1_z975,1.514487,1.0,top5_4coordination
1,42747,1.0605180263519287,Fe-S,4,5,1585,0.6797856237151012,87.01186555472682,POSCAR_Cu2O2_1,1.44026,1.0,top5_4coordination
1,42747,1.0605180263519287,Fe-S,4,6,2602,0.6783374270447297,87.43985294195006,POSCAR_Mn2N2_3_z950,1.008152,1.0,top5_4coordination
1,42747,1.0605180263519287,Fe-S,4,7,1591,0.6755508748024214,87.89548925210848,POSCAR_Cu2O2_1_z025,1.346967,1.0,top5_4coordination
1,42747,1.0605180263519287,Fe-S,4,8,2598,0.6744799436690077,88.49143537290983,POSCAR_Mn2N2_3_st950,1.061157,1.0,top5_4coordination
1,42747,1.0605180263519287,Fe-S,4,9,2603,0.6710483520638131,89.046318414074,POSCAR_Mn2N2_3_z975,0.911785,1.0,top5_4coordination
1,42747,1.0605180263519287,Fe-S,4,10,1586,0.6710036624840864,88.86255196034294,POSCAR_Cu2O2_1_st025,1.290077,1.0,top5_4coordination
1,42747,1.0605180263519287,Fe-S,4,11,1592,0.6703804181227353,89.00165821274136,POSCAR_Cu2O2_1_z050,1.235626,1.0,top5_4coordination
1,42747,1.0605180263519287,Fe-S,4,12,2599,0.6702893641488943,89.39437525080714,POSCAR_Mn2N2_3_st975,0.968497,1.0,top5_4coordination
1,42747,1.0605180263519287,Fe-S,4,13,1587,0.6691554226942593,89.07791535417796,POSCAR_Cu2O2_1_st05,1.117122,1.0,top5_4coordination
1,42747,1.0605180263519287,Fe-S,4,14,2595,0.6626478390002482,90.90870894756122,POSCAR_Mn2N2_3,0.951758,1.0,top5_4coordination
1,42747,1.0605180263519287,Fe-S,4,15,1588,0.6610477008974157,90.97200823491318,POSCAR_Cu2O2_1_st050,1.114514,1.0,top5_4coordination
1,42747,1.0605180263519287,Fe-S,4,16,2596,0.6539323440079581,92.67642383146168,POSCAR_Mn2N2_3_st025,0.950584,1.0,top5_4coordination
1,42747,1.0605180263519287,Fe-S,4,17,2601,0.6500179621468413,93.49111526983195,POSCAR_Mn2N2_3_z050,1.077095,1.0,top5_4coordination
1,42747,1.0605180263519287,Fe-S,4,18,2600,0.6499436575361309,93.56219372477054,POSCAR_Mn2N2_3_z025,1.030581,1.0,top5_4coordination
1,42747,1.0605180263519287,Fe-S,4,19,1214,0.6480901581158123,93.87298505178855,POSCAR_Cr2O2_2_z025,1.117426,1.0,top5_4coordination
1,42747,1.0605180263519287,Fe-S,4,20,2597,0.6440689692875633,94.69821901241556,POSCAR_Mn2N2_3_st050,0.943564,1.0,top5_4coordination
1,42747,1.0605180263519287,Fe-S,4,21,1216,0.6365546945079593,97.02967203764553,POSCAR_Cr2O2_2_z950,1.367022,1.0,top5_4coordination
1,42747,1.0605180263519287,Fe-S,4,22,1217,0.6340816508639643,97.36673527877836,POSCAR_Cr2O2_2_z975,1.279056,1.0,top5_4coordination
1,42747,1.0605180263519287,Fe-S,4,23,1209,0.6305829077425181,97.9651507487842,POSCAR_Cr2O2_2,1.196253,1.0,top5_4coordination
1,42747,1.0605180263519287,Fe-S,4,24,1212,0.6251360175065092,99.38764909641861,POSCAR_Cr2O2_2_st950,1.604422,1.0,top5_4coordination
1,42747,1.0605180263519287,Fe-S,4,25,1210,0.6182523342599975,100.4762318557321,POSCAR_Cr2O2_2_st025,1.02415,1.0,top5_4coordination
1,42747,1.0605180263519287,Fe-S,4,26,1213,0.6122689820765791,101.98379961851141,POSCAR_Cr2O2_2_st975,1.387752,1.0,top5_4coordination
1,42747,1.0605180263519287,Fe-S,4,27,1211,0.6045283540679235,103.27627767511349,POSCAR_Cr2O2_2_st050,0.866297,1.0,top5_4coordination
1,42747,1.0605180263519287,Fe-S,4,28,1215,0.5872313138231321,106.89716695643295,POSCAR_Cr2O2_2_z050,1.041263,1.0,top5_4coordination
1,42747,1.0605180263519287,Fe-S,4,29,2074,0.5223603259952971,117.68354406967552,POSCAR_Fe2O2_8_st950,1.097725,1.0,top5_4coordination
1,42747,1.0605180263519287,Fe-S,4,30,2075,0.5092342355376672,119.97009189589896,POSCAR_Fe2O2_8_st975,0.989544,1.0,top5_4coordination
1,42747,1.0605180263519287,Fe-S,4,31,3114,0.507396829748592,122.32481934994446,POSCAR_Mo2Se2_1_st950,1.037507,1.0,top5_4coordination
1,42747,1.0605180263519287,Fe-S,4,32,2078,0.5037563770578616,120.69840357386403,POSCAR_Fe2O2_8_z950,0.896546,1.0,top5_4coordination
1,42747,1.0605180263519287,Fe-S,4,33,2641,0.5013698583787906,122.53714993962662,POSCAR_Mn2O2_6_st950,0.761793,1.0,top5_4coordination
1,42747,1.0605180263519287,Fe-S,4,34,2079,0.49879167521876033,121.56439239709587,POSCAR_Fe2O2_8_z975,0.872848,1.0,top5_4coordination
1,42747,1.0605180263519287,Fe-S,4,35,2071,0.4932008287578238,122.57583683606974,POSCAR_Fe2O2_8,0.885788,1.0,top5_4coordination
1,42747,1.0605180263519287,Fe-S,4,36,3115,0.48884618728666973,126.09460854608415,POSCAR_Mo2Se2_1_st975,0.975994,1.0,top5_4coordination
1,42747,1.0605180263519287,Fe-S,4,37,2642,0.48687969551393606,125.11474653561685,POSCAR_Mn2O2_6_st975,0.80736,1.0,top5_4coordination
1,42747,1.0605180263519287,Fe-S,4,38,723,0.4867278473757396,124.01555140087366,POSCAR_C2Fe2_3_x950,0.760905,1.0,top5_4coordination
1,42747,1.0605180263519287,Fe-S,4,39,2076,0.48575406740333005,123.7442482388712,POSCAR_Fe2O2_8_z025,0.880531,1.0,top5_4coordination
1,42747,1.0605180263519287,Fe-S,4,40,2645,0.48460259269512584,124.62459376416753,POSCAR_Mn2O2_6_z950,0.82362,1.0,top5_4coordination
1,42747,1.0605180263519287,Fe-S,4,41,3119,0.4821075914963229,127.28780809351971,POSCAR_Mo2Se2_1_z975,0.8931,1.0,top5_4coordination
1,42747,1.0605180263519287,Fe-S,4,42,2646,0.47908065567998614,126.14717350773743,POSCAR_Mn2O2_6_z975,0.808567,1.0,top5_4coordination
1,42747,1.0605180263519287,Fe-S,4,43,2077,0.47802738969114555,124.91346448195367,POSCAR_Fe2O2_8_z050,0.846462,1.0,top5_4coordination
1,42747,1.0605180263519287,Fe-S,4,44,3118,0.4765132632192186,128.06468910742566,POSCAR_Mo2Se2_1_z950,0.874903,1.0,top5_4coordination
1,42747,1.0605180263519287,Fe-S,4,45,2072,0.47384404650207124,125.50333556829253,POSCAR_Fe2O2_8_st025,0.788144,1.0,top5_4coordination
1,42747,1.0605180263519287,Fe-S,4,46,725,0.4715182040747914,126.206036754172,POSCAR_C2Fe2_3_y050,0.956478,1.0,top5_4coordination
1,42747,1.0605180263519287,Fe-S,4,47,3694,0.4701448166445884,126.76796361434435,POSCAR_Ru2S2_2_st950,0.27415,1.0,top5_4coordination
1,42747,1.0605180263519287,Fe-S,4,48,3225,0.468872714914665,125.79153179092043,POSCAR_Ni2O2_5_x950,0.718918,1.0,top5_4coordination
1,42747,1.0605180263519287,Fe-S,4,49,2638,0.46846935091284725,128.0226088654931,POSCAR_Mn2O2_6,0.868847,1.0,top5_4coordination
1,42747,1.0605180263519287,Fe-S,4,50,721,0.4679433809649095,126.02756797123449,POSCAR_C2Fe2_3_st950,0.55808,1.0,top5_4coordination
2,36958,1.0423521995544434,Fe-S,4,1,1589,0.6887491597893795,84.80677459527536,POSCAR_Cu2O2_1_st950,1.633544,1.0,top5_4coordination
2,36958,1.0423521995544434,Fe-S,4,2,1590,0.6824989976454116,86.00226011432514,POSCAR_Cu2O2_1_st975,1.590435,1.0,top5_4coordination
2,36958,1.0423521995544434,Fe-S,4,3,1593,0.6794854586409527,86.73775718139608,POSCAR_Cu2O2_1_z950,1.487449,1.0,top5_4coordination
2,36958,1.0423521995544434,Fe-S,4,4,1594,0.6783462716000224,86.86926508063124,POSCAR_Cu2O2_1_z975,1.514487,1.0,top5_4coordination
2,36958,1.0423521995544434,Fe-S,4,5,1585,0.675246375906877,87.45484371323973,POSCAR_Cu2O2_1,1.44026,1.0,top5_4coordination
2,36958,1.0423521995544434,Fe-S,4,6,1591,0.6712022107871743,88.27483226751842,POSCAR_Cu2O2_1_z025,1.346967,1.0,top5_4coordination
2,36958,1.0423521995544434,Fe-S,4,7,2602,0.6681580422421884,89.22260632123431,POSCAR_Mn2N2_3_z950,1.008152,1.0,top5_4coordination
2,36958,1.0423521995544434,Fe-S,4,8,1586,0.6669147443456999,89.16518648385913,POSCAR_Cu2O2_1_st025,1.290077,1.0,top5_4coordination
2,36958,1.0423521995544434,Fe-S,4,9,1592,0.6662422196263711,89.31438499994707,POSCAR_Cu2O2_1_z050,1.235626,1.0,top5_4coordination
2,36958,1.0423521995544434,Fe-S,4,10,1587,0.6641780775721745,89.54322506858665,POSCAR_Cu2O2_1_st05,1.117122,1.0,top5_4coordination
2,36958,1.0423521995544434,Fe-S,4,11,2598,0.6640255676860539,90.36383696192074,POSCAR_Mn2N2_3_st950,1.061157,1.0,top5_4coordination
2,36958,1.0423521995544434,Fe-S,4,12,2603,0.660736665333508,90.82861313087486,POSCAR_Mn2N2_3_z975,0.911785,1.0,top5_4coordination
2,36958,1.0423521995544434,Fe-S,4,13,2599,0.659577703147605,91.305399627968,POSCAR_Mn2N2_3_st975,0.968497,1.0,top5_4coordination
2,36958,1.0423521995544434,Fe-S,4,14,1588,0.6574310071273984,91.13399878046071,POSCAR_Cu2O2_1_st050,1.114514,1.0,top5_4coordination
2,36958,1.0423521995544434,Fe-S,4,15,2595,0.6522291904977815,92.68624192564342,POSCAR_Mn2N2_3,0.951758,1.0,top5_4coordination
2,36958,1.0423521995544434,Fe-S,4,16,1214,0.6438620073403263,94.15699401261524,POSCAR_Cr2O2_2_z025,1.117426,1.0,top5_4coordination
2,36958,1.0423521995544434,Fe-S,4,17,2596,0.6438308226467828,94.32017302586011,POSCAR_Mn2N2_3_st025,0.950584,1.0,top5_4coordination
2,36958,1.0423521995544434,Fe-S,4,18,2601,0.6403932536673921,95.00599510944849,POSCAR_Mn2N2_3_z050,1.077095,1.0,top5_4coordination
2,36958,1.0423521995544434,Fe-S,4,19,2600,0.640003277589132,95.16016417992546,POSCAR_Mn2N2_3_z025,1.030581,1.0,top5_4coordination
2,36958,1.0423521995544434,Fe-S,4,20,2597,0.6343096142209061,96.20788645013818,POSCAR_Mn2N2_3_st050,0.943564,1.0,top5_4coordination
2,36958,1.0423521995544434,Fe-S,4,21,1216,0.6308804070440814,97.68679837671877,POSCAR_Cr2O2_2_z950,1.367022,1.0,top5_4coordination
2,36958,1.0423521995544434,Fe-S,4,22,1217,0.6285508492717837,97.96622963873372,POSCAR_Cr2O2_2_z975,1.279056,1.0,top5_4coordination
2,36958,1.0423521995544434,Fe-S,4,23,1209,0.6252184670707512,98.50351425466819,POSCAR_Cr2O2_2,1.196253,1.0,top5_4coordination
2,36958,1.0423521995544434,Fe-S,4,24,1212,0.6157948586439963,100.84927973857067,POSCAR_Cr2O2_2_st950,1.604422,1.0,top5_4coordination
2,36958,1.0423521995544434,Fe-S,4,25,1210,0.6133761457267952,100.8670780469366,POSCAR_Cr2O2_2_st025,1.02415,1.0,top5_4coordination
2,36958,1.0423521995544434,Fe-S,4,26,1213,0.6032536042546514,103.31650956058823,POSCAR_Cr2O2_2_st975,1.387752,1.0,top5_4coordination
2,36958,1.0423521995544434,Fe-S,4,27,1211,0.6001670630254259,103.51875985080547,POSCAR_Cr2O2_2_st050,0.866297,1.0,top5_4coordination
2,36958,1.0423521995544434,Fe-S,4,28,1215,0.5792070439232372,107.91063749635704,POSCAR_Cr2O2_2_z050,1.041263,1.0,top5_4coordination
2,36958,1.0423521995544434,Fe-S,4,29,2074,0.5097379027806637,118.61667662333927,POSCAR_Fe2O2_8_st950,1.097725,1.0,top5_4coordination
2,36958,1.0423521995544434,Fe-S,4,30,3114,0.5069857488574241,121.57680590600634,POSCAR_Mo2Se2_1_st950,1.037507,1.0,top5_4coordination
2,36958,1.0423521995544434,Fe-S,4,31,2075,0.49685145187514856,120.77606959560926,POSCAR_Fe2O2_8_st975,0.989544,1.0,top5_4coordination
2,36958,1.0423521995544434,Fe-S,4,32,2078,0.4926988739485082,121.32462963054306,POSCAR_Fe2O2_8_z950,0.896546,1.0,top5_4coordination
2,36958,1.0423521995544434,Fe-S,4,33,2641,0.49007202700679653,122.9602677187785,POSCAR_Mn2O2_6_st950,0.761793,1.0,top5_4coordination
2,36958,1.0423521995544434,Fe-S,4,34,3115,0.48877109582583356,125.2626005448729,POSCAR_Mo2Se2_1_st975,0.975994,1.0,top5_4coordination
2,36958,1.0423521995544434,Fe-S,4,35,2079,0.48718982636740327,122.22962732215086,POSCAR_Fe2O2_8_z975,0.872848,1.0,top5_4coordination
2,36958,1.0423521995544434,Fe-S,4,36,3694,0.485513292143953,123.88786430295588,POSCAR_Ru2S2_2_st950,0.27415,1.0,top5_4coordination
2,36958,1.0423521995544434,Fe-S,4,37,3119,0.48401038878711833,126.04609273478646,POSCAR_Mo2Se2_1_z975,0.8931,1.0,top5_4coordination
2,36958,1.0423521995544434,Fe-S,4,38,2071,0.4811232233409253,123.25408570976164,POSCAR_Fe2O2_8,0.885788,1.0,top5_4coordination
2,36958,1.0423521995544434,Fe-S,4,39,3118,0.4770500101614945,127.09318932143,POSCAR_Mo2Se2_1_z950,0.874903,1.0,top5_4coordination
2,36958,1.0423521995544434,Fe-S,4,40,2642,0.47600955745748885,125.38811714015617,POSCAR_Mn2O2_6_st975,0.80736,1.0,top5_4coordination
2,36958,1.0423521995544434,Fe-S,4,41,723,0.47533837711537597,124.49577922123497,POSCAR_C2Fe2_3_x950,0.760905,1.0,top5_4coordination
2,36958,1.0423521995544434,Fe-S,4,42,2645,0.47455535625806045,124.88551066141687,POSCAR_Mn2O2_6_z950,0.82362,1.0,top5_4coordination
2,36958,1.0423521995544434,Fe-S,4,43,2076,0.47344978446187325,124.41684636812107,POSCAR_Fe2O2_8_z025,0.880531,1.0,top5_4coordination
2,36958,1.0423521995544434,Fe-S,4,44,1345,0.4711935410569221,134.44309532920573,POSCAR_Cr2S2_2_st050,0.524222,1.0,top5_4coordination
2,36958,1.0423521995544434,Fe-S,4,45,2646,0.4687100838607472,126.34633285868406,POSCAR_Mn2O2_6_z975,0.808567,1.0,top5_4coordination
2,36958,1.0423521995544434,Fe-S,4,46,2077,0.4654579090382305,125.58846530083892,POSCAR_Fe2O2_8_z050,0.846462,1.0,top5_4coordination
2,36958,1.0423521995544434,Fe-S,4,47,725,0.46494986585520925,126.03142470779795,POSCAR_C2Fe2_3_y050,0.956478,1.0,top5_4coordination
2,36958,1.0423521995544434,Fe-S,4,48,3695,0.46394459763333984,127.04103734420109,POSCAR_Ru2S2_2_st975,0.336661,1.0,top5_4coordination
2,36958,1.0423521995544434,Fe-S,4,49,3425,0.4626182670961849,133.95937650921408,POSCAR_O2Y2_4,0.065278,1.0,top5_4coordination
2,36958,1.0423521995544434,Fe-S,4,50,3225,0.46218635324923985,125.74750249723292,POSCAR_Ni2O2_5_x950,0.718918,1.0,top5_4coordination
3,28382,1.0422115325927734,Ni-S,4,1,1602,0.6591005902543898,138.24548888164367,POSCAR_Cu2O2_4_z950,0.493897,1.0,top5_4coordination
3,28382,1.0422115325927734,Ni-S,4,2,1598,0.6568103158051712,141.94691606210742,POSCAR_Cu2O2_4_st950,0.463614,1.0,top5_4coordination
3,28382,1.0422115325927734,Ni-S,4,3,1603,0.6528823958164981,141.76975425235776,POSCAR_Cu2O2_4_z975,0.428455,1.0,top5_4coordination
3,28382,1.0422115325927734,Ni-S,4,4,1599,0.6519356568804804,143.67901939965463,POSCAR_Cu2O2_4_st975,0.409867,1.0,top5_4coordination
3,28382,1.0422115325927734,Ni-S,4,5,1595,0.6453644143791034,145.72908279442814,POSCAR_Cu2O2_4,0.389405,1.0,top5_4coordination
3,28382,1.0422115325927734,Ni-S,4,6,1600,0.6392683343723987,148.7307262811023,POSCAR_Cu2O2_4_z025,0.358409,1.0,top5_4coordination
3,28382,1.0422115325927734,Ni-S,4,7,1596,0.6370108997057395,148.0982368170711,POSCAR_Cu2O2_4_st025,0.386808,1.0,top5_4coordination
3,28382,1.0422115325927734,Ni-S,4,8,1601,0.6321507787235962,151.6891702261973,POSCAR_Cu2O2_4_z050,0.373594,1.0,top5_4coordination
3,28382,1.0422115325927734,Ni-S,4,9,2074,0.6298600149369293,160.77456550044036,POSCAR_Fe2O2_8_st950,1.097725,1.0,top5_4coordination
3,28382,1.0422115325927734,Ni-S,4,10,2075,0.6283503182048599,162.91514853609206,POSCAR_Fe2O2_8_st975,0.989544,1.0,top5_4coordination
3,28382,1.0422115325927734,Ni-S,4,11,1597,0.6268226410056398,150.7877075185396,POSCAR_Cu2O2_4_st050,0.491667,1.0,top5_4coordination
3,28382,1.0422115325927734,Ni-S,4,12,2076,0.624620317355402,166.1475352061594,POSCAR_Fe2O2_8_z025,0.880531,1.0,top5_4coordination
3,28382,1.0422115325927734,Ni-S,4,13,2071,0.6245016966283516,165.3757697287768,POSCAR_Fe2O2_8,0.885788,1.0,top5_4coordination
3,28382,1.0422115325927734,Ni-S,4,14,2077,0.6242643441914467,166.91509934761882,POSCAR_Fe2O2_8_z050,0.846462,1.0,top5_4coordination
3,28382,1.0422115325927734,Ni-S,4,15,2079,0.620011440868801,164.93900097063027,POSCAR_Fe2O2_8_z975,0.872848,1.0,top5_4coordination
3,28382,1.0422115325927734,Ni-S,4,16,2078,0.618546833814266,164.34690549419824,POSCAR_Fe2O2_8_z950,0.896546,1.0,top5_4coordination
3,28382,1.0422115325927734,Ni-S,4,17,2072,0.6177718504157969,168.15900732060777,POSCAR_Fe2O2_8_st025,0.788144,1.0,top5_4coordination
3,28382,1.0422115325927734,Ni-S,4,18,2073,0.60759359645625,171.26765184756584,POSCAR_Fe2O2_8_st050,0.813401,1.0,top5_4coordination
3,28382,1.0422115325927734,Ni-S,4,19,2645,0.5694619629926033,177.90105245406386,POSCAR_Mn2O2_6_z950,0.82362,1.0,top5_4coordination
3,28382,1.0422115325927734,Ni-S,4,20,2602,0.5551037877401908,167.2183729158777,POSCAR_Mn2N2_3_z950,1.008152,1.0,top5_4coordination
3,28382,1.0422115325927734,Ni-S,4,21,2646,0.544993550123871,184.03110458361868,POSCAR_Mn2O2_6_z975,0.808567,1.0,top5_4coordination
3,28382,1.0422115325927734,Ni-S,4,22,1589,0.5423693066552833,171.507645520021,POSCAR_Cu2O2_1_st950,1.633544,1.0,top5_4coordination
3,28382,1.0422115325927734,Ni-S,4,23,2598,0.5415168908559218,171.31645474925713,POSCAR_Mn2N2_3_st950,1.061157,1.0,top5_4coordination
3,28382,1.0422115325927734,Ni-S,4,24,2603,0.5413964052631726,171.0509764113104,POSCAR_Mn2N2_3_z975,0.911785,1.0,top5_4coordination
3,28382,1.0422115325927734,Ni-S,4,25,1329,0.5387567478991873,174.10133624064858,POSCAR_Cr2S2_1_st950,0.902833,1.0,top5_4coordination
3,28382,1.0422115325927734,Ni-S,4,26,1593,0.5354393249872573,173.1608389894396,POSCAR_Cu2O2_1_z950,1.487449,1.0,top5_4coordination
3,28382,1.0422115325927734,Ni-S,4,27,2599,0.5351597649635698,173.05373822885798,POSCAR_Mn2N2_3_st975,0.968497,1.0,top5_4coordination
3,28382,1.0422115325927734,Ni-S,4,28,1590,0.5345850058461337,173.38839615207544,POSCAR_Cu2O2_1_st975,1.590435,1.0,top5_4coordination
3,28382,1.0422115325927734,Ni-S,4,29,1594,0.5311737840824695,174.2145720527575,POSCAR_Cu2O2_1_z975,1.514487,1.0,top5_4coordination
3,28382,1.0422115325927734,Ni-S,4,30,1587,0.528093222226547,174.247954330565,POSCAR_Cu2O2_1_st05,1.117122,1.0,top5_4coordination
3,28382,1.0422115325927734,Ni-S,4,31,2595,0.5268842111917263,175.07717975179472,POSCAR_Mn2N2_3,0.951758,1.0,top5_4coordination
3,28382,1.0422115325927734,Ni-S,4,32,1585,0.5259017530006442,175.52718350164,POSCAR_Cu2O2_1,1.44026,1.0,top5_4coordination
3,28382,1.0422115325927734,Ni-S,4,33,2641,0.5249090509918422,184.80840385414479,POSCAR_Mn2O2_6_st950,0.761793,1.0,top5_4coordination
3,28382,1.0422115325927734,Ni-S,4,34,1591,0.5198472044771638,177.06924648911348,POSCAR_Cu2O2_1_z025,1.346967,1.0,top5_4coordination
3,28382,1.0422115325927734,Ni-S,4,35,2642,0.5189420552373575,187.52303770904985,POSCAR_Mn2O2_6_st975,0.80736,1.0,top5_4coordination
3,28382,1.0422115325927734,Ni-S,4,36,2596,0.5176690850174201,177.35465202912542,POSCAR_Mn2N2_3_st025,0.950584,1.0,top5_4coordination
3,28382,1.0422115325927734,Ni-S,4,37,1586,0.5162634202662064,177.9246899427771,POSCAR_Cu2O2_1_st025,1.290077,1.0,top5_4coordination
3,28382,1.0422115325927734,Ni-S,4,38,1592,0.5130806110992537,178.8146371259034,POSCAR_Cu2O2_1_z050,1.235626,1.0,top5_4coordination
3,28382,1.0422115325927734,Ni-S,4,39,2638,0.5099720878438256,190.56882376918608,POSCAR_Mn2O2_6,0.868847,1.0,top5_4coordination
3,28382,1.0422115325927734,Ni-S,4,40,2600,0.5098417375722166,179.50687648291694,POSCAR_Mn2N2_3_z025,1.030581,1.0,top5_4coordination
3,28382,1.0422115325927734,Ni-S,4,41,1330,0.5091416864220653,180.04924256914626,POSCAR_Cr2S2_1_st975,0.82782,1.0,top5_4coordination
3,28382,1.0422115325927734,Ni-S,4,42,2597,0.5074590920221046,179.8868692041094,POSCAR_Mn2N2_3_st050,0.943564,1.0,top5_4coordination
3,28382,1.0422115325927734,Ni-S,4,43,1588,0.5056184728910905,180.58164711198958,POSCAR_Cu2O2_1_st050,1.114514,1.0,top5_4coordination
3,28382,1.0422115325927734,Ni-S,4,44,1337,0.5052908198681464,179.48786562349804,POSCAR_Cr2S2_1_y950,0.725002,1.0,top5_4coordination
3,28382,1.0422115325927734,Ni-S,4,45,2601,0.49979990239936534,182.22159433000184,POSCAR_Mn2N2_3_z050,1.077095,1.0,top5_4coordination
3,28382,1.0422115325927734,Ni-S,4,46,1341,0.49977614625910816,181.46053702148015,POSCAR_Cr2S2_1_z950,0.819967,1.0,top5_4coordination
3,28382,1.0422115325927734,Ni-S,4,47,1216,0.4997143957657165,182.87476273720247,POSCAR_Cr2O2_2_z950,1.367022,1.0,top5_4coordination
3,28382,1.0422115325927734,Ni-S,4,48,2639,0.4971134580788332,193.94863480183892,POSCAR_Mn2O2_6_st025,0.920812,1.0,top5_4coordination
3,28382,1.0422115325927734,Ni-S,4,49,1214,0.49686501237798897,182.9412665068686,POSCAR_Cr2O2_2_z025,1.117426,1.0,top5_4coordination
3,28382,1.0422115325927734,Ni-S,4,50,1217,0.4955813939652498,183.7375549823419,POSCAR_Cr2O2_2_z975,1.279056,1.0,top5_4coordination
4,27992,1.03330659866333,Co-O,4,1,1589,0.6335256492824816,119.96354038456002,POSCAR_Cu2O2_1_st950,1.633544,1.0,top5_4coordination
4,27992,1.03330659866333,Co-O,4,2,2602,0.6300648717332215,120.57879482740725,POSCAR_Mn2N2_3_z950,1.008152,1.0,top5_4coordination
4,27992,1.03330659866333,Co-O,4,3,1590,0.6263747253553478,121.66354467739411,POSCAR_Cu2O2_1_st975,1.590435,1.0,top5_4coordination
4,27992,1.03330659866333,Co-O,4,4,1593,0.6263086077451964,121.6929348775331,POSCAR_Cu2O2_1_z950,1.487449,1.0,top5_4coordination
4,27992,1.03330659866333,Co-O,4,5,1594,0.6228645340830176,122.51005270926353,POSCAR_Cu2O2_1_z975,1.514487,1.0,top5_4coordination
4,27992,1.03330659866333,Co-O,4,6,2598,0.6210613687533606,123.05273445917172,POSCAR_Mn2N2_3_st950,1.061157,1.0,top5_4coordination
4,27992,1.03330659866333,Co-O,4,7,2603,0.6188280041642754,123.45656839303122,POSCAR_Mn2N2_3_z975,0.911785,1.0,top5_4coordination
4,27992,1.03330659866333,Co-O,4,8,1585,0.6182482836609514,123.62126983106543,POSCAR_Cu2O2_1,1.44026,1.0,top5_4coordination
4,27992,1.03330659866333,Co-O,4,9,1587,0.6159914301636207,123.93745289652682,POSCAR_Cu2O2_1_st05,1.117122,1.0,top5_4coordination
4,27992,1.03330659866333,Co-O,4,10,2599,0.6146461891422283,124.68094866991449,POSCAR_Mn2N2_3_st975,0.968497,1.0,top5_4coordination
4,27992,1.03330659866333,Co-O,4,11,1591,0.6127540818409172,124.96240800847886,POSCAR_Cu2O2_1_z025,1.346967,1.0,top5_4coordination
4,27992,1.03330659866333,Co-O,4,12,1586,0.6090779565444278,125.8373915286464,POSCAR_Cu2O2_1_st025,1.290077,1.0,top5_4coordination
4,27992,1.03330659866333,Co-O,4,13,2595,0.6066554721509682,126.55076126795768,POSCAR_Mn2N2_3,0.951758,1.0,top5_4coordination
4,27992,1.03330659866333,Co-O,4,14,1592,0.6064359991521874,126.51249526168371,POSCAR_Cu2O2_1_z050,1.235626,1.0,top5_4coordination
4,27992,1.03330659866333,Co-O,4,15,2074,0.6045219497167128,133.92942095768373,POSCAR_Fe2O2_8_st950,1.097725,1.0,top5_4coordination
4,27992,1.03330659866333,Co-O,4,16,1588,0.5987994701112822,128.31263471565063,POSCAR_Cu2O2_1_st050,1.114514,1.0,top5_4coordination
4,27992,1.03330659866333,Co-O,4,17,2075,0.5980368438047414,136.26274838817204,POSCAR_Fe2O2_8_st975,0.989544,1.0,top5_4coordination
4,27992,1.03330659866333,Co-O,4,18,2596,0.5976433282558129,128.67428610760632,POSCAR_Mn2N2_3_st025,0.950584,1.0,top5_4coordination
4,27992,1.03330659866333,Co-O,4,19,2600,0.5922410543306178,130.0281153936859,POSCAR_Mn2N2_3_z025,1.030581,1.0,top5_4coordination
4,27992,1.03330659866333,Co-O,4,20,2078,0.5911107069908278,137.17187623633268,POSCAR_Fe2O2_8_z950,0.896546,1.0,top5_4coordination
4,27992,1.03330659866333,Co-O,4,21,1214,0.5895502296016492,130.61619591316324,POSCAR_Cr2O2_2_z025,1.117426,1.0,top5_4coordination
4,27992,1.03330659866333,Co-O,4,22,2071,0.5889000212944567,138.9155542993022,POSCAR_Fe2O2_8,0.885788,1.0,top5_4coordination
4,27992,1.03330659866333,Co-O,4,23,2079,0.5888217264583679,138.11155314485416,POSCAR_Fe2O2_8_z975,0.872848,1.0,top5_4coordination
4,27992,1.03330659866333,Co-O,4,24,1216,0.5885618539247072,131.27772561243253,POSCAR_Cr2O2_2_z950,1.367022,1.0,top5_4coordination
4,27992,1.03330659866333,Co-O,4,25,2597,0.5875436959915101,131.0522308487934,POSCAR_Mn2N2_3_st050,0.943564,1.0,top5_4coordination
4,27992,1.03330659866333,Co-O,4,26,2601,0.5853727311470052,131.72216142629733,POSCAR_Mn2N2_3_z050,1.077095,1.0,top5_4coordination
4,27992,1.03330659866333,Co-O,4,27,2076,0.5852231047186983,140.0084920153079,POSCAR_Fe2O2_8_z025,0.880531,1.0,top5_4coordination
4,27992,1.03330659866333,Co-O,4,28,1217,0.5849936770650314,132.01320482835536,POSCAR_Cr2O2_2_z975,1.279056,1.0,top5_4coordination
4,27992,1.03330659866333,Co-O,4,29,2077,0.5811456524930485,141.09239975860027,POSCAR_Fe2O2_8_z050,0.846462,1.0,top5_4coordination
4,27992,1.03330659866333,Co-O,4,30,1209,0.5804763937767784,133.00525778937478,POSCAR_Cr2O2_2,1.196253,1.0,top5_4coordination
4,27992,1.03330659866333,Co-O,4,31,1212,0.5793047613006176,133.4413139781354,POSCAR_Cr2O2_2_st950,1.604422,1.0,top5_4coordination
4,27992,1.03330659866333,Co-O,4,32,2072,0.5766057667599059,141.89040258312693,POSCAR_Fe2O2_8_st025,0.788144,1.0,top5_4coordination
4,27992,1.03330659866333,Co-O,4,33,1210,0.568084032031162,135.90263492898035,POSCAR_Cr2O2_2_st025,1.02415,1.0,top5_4coordination
4,27992,1.03330659866333,Co-O,4,34,1213,0.5665361689263385,136.41898539246722,POSCAR_Cr2O2_2_st975,1.387752,1.0,top5_4coordination
4,27992,1.03330659866333,Co-O,4,35,2073,0.5606482991878573,145.1900694255224,POSCAR_Fe2O2_8_st050,0.813401,1.0,top5_4coordination
4,27992,1.03330659866333,Co-O,4,36,2645,0.5545059047646193,146.55465008176355,POSCAR_Mn2O2_6_z950,0.82362,1.0,top5_4coordination
4,27992,1.03330659866333,Co-O,4,37,1211,0.5543798919866901,139.08877726999881,POSCAR_Cr2O2_2_st050,0.866297,1.0,top5_4coordination
4,27992,1.03330659866333,Co-O,4,38,1598,0.5523809597700512,138.7711152009031,POSCAR_Cu2O2_4_st950,0.463614,1.0,top5_4coordination
4,27992,1.03330659866333,Co-O,4,39,1599,0.5420139607149853,141.0464960103024,POSCAR_Cu2O2_4_st975,0.409867,1.0,top5_4coordination
4,27992,1.03330659866333,Co-O,4,40,1215,0.5403810627120749,142.36266420150585,POSCAR_Cr2O2_2_z050,1.041263,1.0,top5_4coordination
4,27992,1.03330659866333,Co-O,4,41,1602,0.5398251416222128,142.93285450690732,POSCAR_Cu2O2_4_z950,0.493897,1.0,top5_4coordination
4,27992,1.03330659866333,Co-O,4,42,2646,0.5388125669550337,150.57117903814253,POSCAR_Mn2O2_6_z975,0.808567,1.0,top5_4coordination
4,27992,1.03330659866333,Co-O,4,43,2641,0.536262807332482,149.15169057782745,POSCAR_Mn2O2_6_st950,0.761793,1.0,top5_4coordination
4,27992,1.03330659866333,Co-O,4,44,1603,0.5357223855986879,142.83814843913098,POSCAR_Cu2O2_4_z975,0.428455,1.0,top5_4coordination
4,27992,1.03330659866333,Co-O,4,45,1595,0.5300476333177183,143.63940812504887,POSCAR_Cu2O2_4,0.389405,1.0,top5_4coordination
4,27992,1.03330659866333,Co-O,4,46,2642,0.5269310006213842,151.91673720683352,POSCAR_Mn2O2_6_st975,0.80736,1.0,top5_4coordination
4,27992,1.03330659866333,Co-O,4,47,1600,0.5244752102051607,144.74244833840706,POSCAR_Cu2O2_4_z025,0.358409,1.0,top5_4coordination
4,27992,1.03330659866333,Co-O,4,48,1601,0.5175227233700931,146.21057217044796,POSCAR_Cu2O2_4_z050,0.373594,1.0,top5_4coordination
4,27992,1.03330659866333,Co-O,4,49,1596,0.5164501788481677,146.550971122358,POSCAR_Cu2O2_4_st025,0.386808,1.0,top5_4coordination
4,27992,1.03330659866333,Co-O,4,50,2638,0.5141483212839993,155.0123461333265,POSCAR_Mn2O2_6,0.868847,1.0,top5_4coordination
5,76985,1.0091817378997803,Cr-S,4,1,2602,0.6616976365847813,95.06578341873168,POSCAR_Mn2N2_3_z950,1.008152,1.0,top5_4coordination
5,76985,1.0091817378997803,Cr-S,4,2,1589,0.6591072483450348,96.22212523586107,POSCAR_Cu2O2_1_st950,1.633544,1.0,top5_4coordination
5,76985,1.0091817378997803,Cr-S,4,3,2598,0.6552353143527826,96.77789384744987,POSCAR_Mn2N2_3_st950,1.061157,1.0,top5_4coordination
5,76985,1.0091817378997803,Cr-S,4,4,2603,0.6513477805612224,97.43929337067135,POSCAR_Mn2N2_3_z975,0.911785,1.0,top5_4coordination
5,76985,1.0091817378997803,Cr-S,4,5,1590,0.6504369538727803,97.98998824666914,POSCAR_Cu2O2_1_st975,1.590435,1.0,top5_4coordination
5,76985,1.0091817378997803,Cr-S,4,6,2599,0.6493290757775719,98.11172605083048,POSCAR_Mn2N2_3_st975,0.968497,1.0,top5_4coordination
5,76985,1.0091817378997803,Cr-S,4,7,1593,0.6486235867094978,98.4540712645545,POSCAR_Cu2O2_1_z950,1.487449,1.0,top5_4coordination
5,76985,1.0091817378997803,Cr-S,4,8,1594,0.6454082647375023,99.06571380163948,POSCAR_Cu2O2_1_z975,1.514487,1.0,top5_4coordination
5,76985,1.0091817378997803,Cr-S,4,9,1585,0.6407042617139005,100.01577219940987,POSCAR_Cu2O2_1,1.44026,1.0,top5_4coordination
5,76985,1.0091817378997803,Cr-S,4,10,2595,0.6399302203665002,100.05317263406536,POSCAR_Mn2N2_3,0.951758,1.0,top5_4coordination
5,76985,1.0091817378997803,Cr-S,4,11,1591,0.6350552244586987,101.20223219909059,POSCAR_Cu2O2_1_z025,1.346967,1.0,top5_4coordination
5,76985,1.0091817378997803,Cr-S,4,12,1587,0.6309272470900065,101.70180129180211,POSCAR_Cu2O2_1_st05,1.117122,1.0,top5_4coordination
5,76985,1.0091817378997803,Cr-S,4,13,1586,0.62983981126134,102.30015516495294,POSCAR_Cu2O2_1_st025,1.290077,1.0,top5_4coordination
5,76985,1.0091817378997803,Cr-S,4,14,2596,0.629415635647686,102.24853928111017,POSCAR_Mn2N2_3_st025,0.950584,1.0,top5_4coordination
5,76985,1.0091817378997803,Cr-S,4,15,1592,0.6285063328645482,102.60708813727715,POSCAR_Cu2O2_1_z050,1.235626,1.0,top5_4coordination
5,76985,1.0091817378997803,Cr-S,4,16,2600,0.6241892010439707,103.43816140809435,POSCAR_Mn2N2_3_z025,1.030581,1.0,top5_4coordination
5,76985,1.0091817378997803,Cr-S,4,17,2601,0.6192733139549351,104.51487495029372,POSCAR_Mn2N2_3_z050,1.077095,1.0,top5_4coordination
5,76985,1.0091817378997803,Cr-S,4,18,1588,0.6177793079249666,104.84386447660297,POSCAR_Cu2O2_1_st050,1.114514,1.0,top5_4coordination
5,76985,1.0091817378997803,Cr-S,4,19,2597,0.6177171425559234,104.69853596561177,POSCAR_Mn2N2_3_st050,0.943564,1.0,top5_4coordination
5,76985,1.0091817378997803,Cr-S,4,20,1214,0.6050526550133605,107.7329343733497,POSCAR_Cr2O2_2_z025,1.117426,1.0,top5_4coordination
5,76985,1.0091817378997803,Cr-S,4,21,1216,0.6019971972129124,109.13559952098339,POSCAR_Cr2O2_2_z950,1.367022,1.0,top5_4coordination
5,76985,1.0091817378997803,Cr-S,4,22,1217,0.5981807335301227,109.74228120982565,POSCAR_Cr2O2_2_z975,1.279056,1.0,top5_4coordination
5,76985,1.0091817378997803,Cr-S,4,23,1209,0.59334961313374,110.61037597200112,POSCAR_Cr2O2_2,1.196253,1.0,top5_4coordination
5,76985,1.0091817378997803,Cr-S,4,24,1212,0.588112025308094,112.06156744196264,POSCAR_Cr2O2_2_st950,1.604422,1.0,top5_4coordination
5,76985,1.0091817378997803,Cr-S,4,25,1210,0.5789098935991954,113.57920254246302,POSCAR_Cr2O2_2_st025,1.02415,1.0,top5_4coordination
5,76985,1.0091817378997803,Cr-S,4,26,2074,0.5746519211174199,115.15929880640105,POSCAR_Fe2O2_8_st950,1.097725,1.0,top5_4coordination
5,76985,1.0091817378997803,Cr-S,4,27,1213,0.5730358922346481,115.14087897136807,POSCAR_Cr2O2_2_st975,1.387752,1.0,top5_4coordination
5,76985,1.0091817378997803,Cr-S,4,28,1211,0.5630764344721634,116.83695755683722,POSCAR_Cr2O2_2_st050,0.866297,1.0,top5_4coordination
5,76985,1.0091817378997803,Cr-S,4,29,2075,0.5620810043141611,117.78799706239819,POSCAR_Fe2O2_8_st975,0.989544,1.0,top5_4coordination
5,76985,1.0091817378997803,Cr-S,4,30,2078,0.5519804531053892,119.15332858623644,POSCAR_Fe2O2_8_z950,0.896546,1.0,top5_4coordination
5,76985,1.0091817378997803,Cr-S,4,31,1598,0.5496493570561988,118.05117741880133,POSCAR_Cu2O2_4_st950,0.463614,1.0,top5_4coordination
5,76985,1.0091817378997803,Cr-S,4,32,2079,0.5481831458035471,120.02807240084879,POSCAR_Fe2O2_8_z975,0.872848,1.0,top5_4coordination
5,76985,1.0091817378997803,Cr-S,4,33,2071,0.5464648338596502,120.73685675062906,POSCAR_Fe2O2_8,0.885788,1.0,top5_4coordination
5,76985,1.0091817378997803,Cr-S,4,34,1215,0.5434592460344569,120.99769470725711,POSCAR_Cr2O2_2_z050,1.041263,1.0,top5_4coordination
5,76985,1.0091817378997803,Cr-S,4,35,2076,0.5417613980216428,121.70012465507173,POSCAR_Fe2O2_8_z025,0.880531,1.0,top5_4coordination
5,76985,1.0091817378997803,Cr-S,4,36,2077,0.536616421416306,122.6794397030882,POSCAR_Fe2O2_8_z050,0.846462,1.0,top5_4coordination
5,76985,1.0091817378997803,Cr-S,4,37,1599,0.5355621298486501,120.73327838897589,POSCAR_Cu2O2_4_st975,0.409867,1.0,top5_4coordination
5,76985,1.0091817378997803,Cr-S,4,38,2641,0.5277633977795054,124.88097649083952,POSCAR_Mn2O2_6_st950,0.761793,1.0,top5_4coordination
5,76985,1.0091817378997803,Cr-S,4,39,2072,0.5273405066241003,124.00845927502586,POSCAR_Fe2O2_8_st025,0.788144,1.0,top5_4coordination
5,76985,1.0091817378997803,Cr-S,4,40,1602,0.5228937402877041,126.37114283557241,POSCAR_Cu2O2_4_z950,0.493897,1.0,top5_4coordination
5,76985,1.0091817378997803,Cr-S,4,41,1603,0.5222585104439433,124.48356523530022,POSCAR_Cu2O2_4_z975,0.428455,1.0,top5_4coordination
5,76985,1.0091817378997803,Cr-S,4,42,2645,0.5209772819800744,125.72374911511781,POSCAR_Mn2O2_6_z950,0.82362,1.0,top5_4coordination
5,76985,1.0091817378997803,Cr-S,4,43,1595,0.5197788569182379,123.73331767534592,POSCAR_Cu2O2_4,0.389405,1.0,top5_4coordination
5,76985,1.0091817378997803,Cr-S,4,44,1600,0.5150203078744376,124.09002383965459,POSCAR_Cu2O2_4_z025,0.358409,1.0,top5_4coordination
5,76985,1.0091817378997803,Cr-S,4,45,2642,0.5124622714042942,127.86090706772181,POSCAR_Mn2O2_6_st975,0.80736,1.0,top5_4coordination
5,76985,1.0091817378997803,Cr-S,4,46,2646,0.5106383060401178,128.23041078387928,POSCAR_Mn2O2_6_z975,0.808567,1.0,top5_4coordination
5,76985,1.0091817378997803,Cr-S,4,47,1601,0.5081621448246341,125.04102360193595,POSCAR_Cu2O2_4_z050,0.373594,1.0,top5_4coordination
5,76985,1.0091817378997803,Cr-S,4,48,2073,0.504275418249979,127.60559833333056,POSCAR_Fe2O2_8_st050,0.813401,1.0,top5_4coordination
5,76985,1.0091817378997803,Cr-S,4,49,1596,0.5022920793651647,127.05242529091987,POSCAR_Cu2O2_4_st025,0.386808,1.0,top5_4coordination
5,76985,1.0091817378997803,Cr-S,4,50,723,0.4984532807124883,128.1921040421856,POSCAR_C2Fe2_3_x950,0.760905,1.0,top5_4coordination
1,24595,0.8927572965621948,Ni-S,6,1,1337,0.8966546259447719,429.2993586115488,POSCAR_Cr2S2_1_y950,0.725002,1.0,top5_6coordination
1,24595,0.8927572965621948,Ni-S,6,2,1332,0.8945993576602782,416.7202026308026,POSCAR_Cr2S2_1_x050,0.676615,1.0,top5_6coordination
1,24595,0.8927572965621948,Ni-S,6,3,1331,0.887236298218042,444.0260363556528,POSCAR_Cr2S2_1_x025,0.719078,1.0,top5_6coordination
1,24595,0.8927572965621948,Ni-S,6,4,1338,0.877593540279646,450.54632629910617,POSCAR_Cr2S2_1_y975,0.74726,1.0,top5_6coordination
1,24595,0.8927572965621948,Ni-S,6,5,1458,0.8749812161854912,439.2815951615059,POSCAR_Cr2Se2_2_st950,0.736631,1.0,top5_6coordination
1,24595,0.8927572965621948,Ni-S,6,6,1341,0.8728448741273949,462.6075941568181,POSCAR_Cr2S2_1_z950,0.819967,1.0,top5_6coordination
1,24595,0.8927572965621948,Ni-S,6,7,1342,0.8683835653880484,467.5263915433678,POSCAR_Cr2S2_1_z975,0.793052,1.0,top5_6coordination
1,24595,0.8927572965621948,Ni-S,6,8,1459,0.8676460136643953,437.4975424192615,POSCAR_Cr2Se2_2_st975,0.639076,1.0,top5_6coordination
1,24595,0.8927572965621948,Ni-S,6,9,1330,0.8659769605745843,474.4234129042317,POSCAR_Cr2S2_1_st975,0.82782,1.0,top5_6coordination
1,24595,0.8927572965621948,Ni-S,6,10,1449,0.8657483132749604,457.22932673128355,POSCAR_Cr2Se2_1_st950,0.74998,1.0,top5_6coordination
1,24595,0.8927572965621948,Ni-S,6,11,1329,0.8641880024366719,476.8070655734291,POSCAR_Cr2S2_1_st950,0.902833,1.0,top5_6coordination
1,24595,0.8927572965621948,Ni-S,6,12,1460,0.8639147149606095,435.01977824486323,POSCAR_Cr2Se2_2_z025,0.58801,1.0,top5_6coordination
1,24595,0.8927572965621948,Ni-S,6,13,1070,0.8634961411933332,488.0789551443424,POSCAR_Cr2F4_cluster1_st050,0.095033,2.0,top5_6coordination
1,24595,0.8927572965621948,Ni-S,6,14,1326,0.8629338454279707,472.55487177502977,POSCAR_Cr2S2_1,0.766667,1.0,top5_6coordination
1,24595,0.8927572965621948,Ni-S,6,15,1335,0.8627878693835312,491.54072113862304,POSCAR_Cr2S2_1_y025,0.792498,1.0,top5_6coordination
1,24595,0.8927572965621948,Ni-S,6,16,1334,0.8621849046003941,498.42190383816586,POSCAR_Cr2S2_1_x975,0.822587,1.0,top5_6coordination
1,24595,0.8927572965621948,Ni-S,6,17,1462,0.8600810892828067,439.3293826752628,POSCAR_Cr2Se2_2_z950,0.712002,1.0,top5_6coordination
1,24595,0.8927572965621948,Ni-S,6,18,1450,0.8586459366986994,455.5708550712157,POSCAR_Cr2Se2_1_st975,0.657581,1.0,top5_6coordination
1,24595,0.8927572965621948,Ni-S,6,19,1463,0.8583771402322404,438.1696463080459,POSCAR_Cr2Se2_2_z975,0.628272,1.0,top5_6coordination
1,24595,0.8927572965621948,Ni-S,6,20,1461,0.8579930009539417,434.3136139110054,POSCAR_Cr2Se2_2_z050,0.592666,1.0,top5_6coordination
1,24595,0.8927572965621948,Ni-S,6,21,1339,0.8574037027505143,477.6200389623454,POSCAR_Cr2S2_1_z025,0.746748,1.0,top5_6coordination
1,24595,0.8927572965621948,Ni-S,6,22,1455,0.8568330824452636,436.3170408283314,POSCAR_Cr2Se2_2,0.580627,1.0,top5_6coordination
1,24595,0.8927572965621948,Ni-S,6,23,1069,0.8556766051932586,490.5035480695714,POSCAR_Cr2F4_cluster1_st025,0.0994,2.0,top5_6coordination
1,24595,0.8927572965621948,Ni-S,6,24,1327,0.8554050159634209,471.20906117864723,POSCAR_Cr2S2_1_st025,0.71983,1.0,top5_6coordination
1,24595,0.8927572965621948,Ni-S,6,25,1350,0.854751959719629,435.97769193004024,POSCAR_Cr2S2_2_z950,0.681751,1.0,top5_6coordination
1,24595,0.8927572965621948,Ni-S,6,26,1372,0.8542566180159284,457.9121693653613,POSCAR_Cr2S2_5_st950,0.850929,1.0,top5_6coordination
1,24595,0.8927572965621948,Ni-S,6,27,1622,0.8524708169488981,483.43795314459925,POSCAR_Cu2O4_1_st050,0.355697,2.0,top5_6coordination
1,24595,0.8927572965621948,Ni-S,6,28,1453,0.8524382581798567,455.9408142973224,POSCAR_Cr2Se2_1_z950,0.725104,1.0,top5_6coordination
1,24595,0.8927572965621948,Ni-S,6,29,1346,0.8522611363246201,459.41706235935527,POSCAR_Cr2S2_2_st950,0.81405,1.0,top5_6coordination
1,24595,0.8927572965621948,Ni-S,6,30,1340,0.8505121367139817,482.81218544838123,POSCAR_Cr2S2_1_z050,0.726215,1.0,top5_6coordination
1,24595,0.8927572965621948,Ni-S,6,31,1454,0.8499949012660175,455.48389345976295,POSCAR_Cr2Se2_1_z975,0.642033,1.0,top5_6coordination
1,24595,0.8927572965621948,Ni-S,6,32,1373,0.848044424485441,456.084331267623,POSCAR_Cr2S2_5_st975,0.702008,1.0,top5_6coordination
1,24595,0.8927572965621948,Ni-S,6,33,1446,0.8476422937622186,454.5042215499596,POSCAR_Cr2Se2_1,0.597532,1.0,top5_6coordination
1,24595,0.8927572965621948,Ni-S,6,34,1626,0.8469214717431313,460.3083681677561,POSCAR_Cu2O4_1_x050,0.478825,2.0,top5_6coordination
1,24595,0.8927572965621948,Ni-S,6,35,1347,0.8462640012150866,457.60241105001745,POSCAR_Cr2S2_2_st975,0.661331,1.0,top5_6coordination
1,24595,0.8927572965621948,Ni-S,6,36,1451,0.845241038104431,452.8298500920885,POSCAR_Cr2Se2_1_z025,0.604224,1.0,top5_6coordination
1,24595,0.8927572965621948,Ni-S,6,37,1351,0.8440176791889855,447.55979825554584,POSCAR_Cr2S2_2_z975,0.615927,1.0,top5_6coordination
1,24595,0.8927572965621948,Ni-S,6,38,1328,0.8439074231890887,470.3942447827255,POSCAR_Cr2S2_1_st050,0.677717,1.0,top5_6coordination
1,24595,0.8927572965621948,Ni-S,6,39,1068,0.8437025117973579,493.32917385213267,POSCAR_Cr2F4_cluster1,0.105184,2.0,top5_6coordination
1,24595,0.8927572965621948,Ni-S,6,40,1635,0.8433032679712222,448.48733432942436,POSCAR_Cu2O4_1_z950,0.646015,2.0,top5_6coordination
1,24595,0.8927572965621948,Ni-S,6,41,1374,0.8427198822369245,450.8182923507674,POSCAR_Cr2S2_5_z025,0.53061,1.0,top5_6coordination
1,24595,0.8927572965621948,Ni-S,6,42,1333,0.8416564853756108,524.75750007668,POSCAR_Cr2S2_1_x950,0.879047,1.0,top5_6coordination
1,24595,0.8927572965621948,Ni-S,6,43,1630,0.8415612929503569,471.75688818981064,POSCAR_Cu2O4_1_y050,0.494777,2.0,top5_6coordination
1,24595,0.8927572965621948,Ni-S,6,44,1452,0.8415469967294157,451.4410409891747,POSCAR_Cr2Se2_1_z050,0.608072,1.0,top5_6coordination
1,24595,0.8927572965621948,Ni-S,6,45,1621,0.8388896658414602,486.7028143022311,POSCAR_Cu2O4_1_st025,0.421394,2.0,top5_6coordination
1,24595,0.8927572965621948,Ni-S,6,46,1625,0.838325096627485,474.8856176380164,POSCAR_Cu2O4_1_x025,0.482128,2.0,top5_6coordination
1,24595,0.8927572965621948,Ni-S,6,47,1369,0.838167270674158,454.8329058369273,POSCAR_Cr2S2_5,0.579189,1.0,top5_6coordination
1,24595,0.8927572965621948,Ni-S,6,48,1348,0.8379157423386284,459.8534886251076,POSCAR_Cr2S2_2_z025,0.569787,1.0,top5_6coordination
1,24595,0.8927572965621948,Ni-S,6,49,1343,0.8365692250251422,456.3623070254811,POSCAR_Cr2S2_2,0.586071,1.0,top5_6coordination
1,24595,0.8927572965621948,Ni-S,6,50,1447,0.8333531617050866,454.03959163112614,POSCAR_Cr2Se2_1_st025,0.5341,1.0,top5_6coordination
2,30070,0.8741374015808105,Co-S,6,1,1332,0.9045475245576402,592.7174035290451,POSCAR_Cr2S2_1_x050,0.676615,1.0,top5_6coordination
2,30070,0.8741374015808105,Co-S,6,2,1337,0.9015501620172776,610.8099858001901,POSCAR_Cr2S2_1_y950,0.725002,1.0,top5_6coordination
2,30070,0.8741374015808105,Co-S,6,3,1331,0.8950771941757749,627.2116947451054,POSCAR_Cr2S2_1_x025,0.719078,1.0,top5_6coordination
2,30070,0.8741374015808105,Co-S,6,4,1458,0.8906733891151144,617.2038968111373,POSCAR_Cr2Se2_2_st950,0.736631,1.0,top5_6coordination
2,30070,0.8741374015808105,Co-S,6,5,1459,0.8872204847746261,612.764052695211,POSCAR_Cr2Se2_2_st975,0.639076,1.0,top5_6coordination
2,30070,0.8741374015808105,Co-S,6,6,1338,0.8868384771322336,634.2845754735987,POSCAR_Cr2S2_1_y975,0.74726,1.0,top5_6coordination
2,30070,0.8741374015808105,Co-S,6,7,1460,0.8823876183744801,610.0003315040927,POSCAR_Cr2Se2_2_z025,0.58801,1.0,top5_6coordination
2,30070,0.8741374015808105,Co-S,6,8,1462,0.8804246315358397,614.3374611373212,POSCAR_Cr2Se2_2_z950,0.712002,1.0,top5_6coordination
2,30070,0.8741374015808105,Co-S,6,9,1463,0.880264306171953,612.0224619392352,POSCAR_Cr2Se2_2_z975,0.628272,1.0,top5_6coordination
2,30070,0.8741374015808105,Co-S,6,10,1455,0.8800450942537675,608.9271308957357,POSCAR_Cr2Se2_2,0.580627,1.0,top5_6coordination
2,30070,0.8741374015808105,Co-S,6,11,1449,0.8797120699285045,640.0097353759536,POSCAR_Cr2Se2_1_st950,0.74998,1.0,top5_6coordination
2,30070,0.8741374015808105,Co-S,6,12,1341,0.8796575546613571,650.0337671646372,POSCAR_Cr2S2_1_z950,0.819967,1.0,top5_6coordination
2,30070,0.8741374015808105,Co-S,6,13,1450,0.8766978231777451,635.8077996215636,POSCAR_Cr2Se2_1_st975,0.657581,1.0,top5_6coordination
2,30070,0.8741374015808105,Co-S,6,14,1342,0.8766472112046464,655.3058064452769,POSCAR_Cr2S2_1_z975,0.793052,1.0,top5_6coordination
2,30070,0.8741374015808105,Co-S,6,15,1461,0.8760627684220159,609.0181368697888,POSCAR_Cr2Se2_2_z050,0.592666,1.0,top5_6coordination
2,30070,0.8741374015808105,Co-S,6,16,1350,0.8733551032039443,610.6926710701448,POSCAR_Cr2S2_2_z950,0.681751,1.0,top5_6coordination
2,30070,0.8741374015808105,Co-S,6,17,1326,0.8726555035183917,660.6980315670965,POSCAR_Cr2S2_1,0.766667,1.0,top5_6coordination
2,30070,0.8741374015808105,Co-S,6,18,1330,0.8713771494338228,664.8844179077686,POSCAR_Cr2S2_1_st975,0.82782,1.0,top5_6coordination
2,30070,0.8741374015808105,Co-S,6,19,1453,0.8711528550917583,635.7052572496316,POSCAR_Cr2Se2_1_z950,0.725104,1.0,top5_6coordination
2,30070,0.8741374015808105,Co-S,6,20,1454,0.8704299847797365,634.2230630290068,POSCAR_Cr2Se2_1_z975,0.642033,1.0,top5_6coordination
2,30070,0.8741374015808105,Co-S,6,21,1346,0.8698565702344531,640.5732998550275,POSCAR_Cr2S2_2_st950,0.81405,1.0,top5_6coordination
2,30070,0.8741374015808105,Co-S,6,22,1372,0.8695405957155463,639.8285369149474,POSCAR_Cr2S2_5_st950,0.850929,1.0,top5_6coordination
2,30070,0.8741374015808105,Co-S,6,23,1446,0.8695298369251118,632.1970761278322,POSCAR_Cr2Se2_1,0.597532,1.0,top5_6coordination
2,30070,0.8741374015808105,Co-S,6,24,1327,0.869267684321537,657.0338169116636,POSCAR_Cr2S2_1_st025,0.71983,1.0,top5_6coordination
2,30070,0.8741374015808105,Co-S,6,25,1339,0.8684986043964422,666.1854200121176,POSCAR_Cr2S2_1_z025,0.746748,1.0,top5_6coordination
2,30070,0.8741374015808105,Co-S,6,26,1451,0.8684738317083374,629.3221203042887,POSCAR_Cr2Se2_1_z025,0.604224,1.0,top5_6coordination
2,30070,0.8741374015808105,Co-S,6,27,1351,0.8681972374452516,622.0956737354409,POSCAR_Cr2S2_2_z975,0.615927,1.0,top5_6coordination
2,30070,0.8741374015808105,Co-S,6,28,1347,0.8679578271169487,636.1413913000844,POSCAR_Cr2S2_2_st975,0.661331,1.0,top5_6coordination
2,30070,0.8741374015808105,Co-S,6,29,1335,0.867795375500721,685.7739179891233,POSCAR_Cr2S2_1_y025,0.792498,1.0,top5_6coordination
2,30070,0.8741374015808105,Co-S,6,30,1373,0.8674705061036807,635.3629317785075,POSCAR_Cr2S2_5_st975,0.702008,1.0,top5_6coordination
2,30070,0.8741374015808105,Co-S,6,31,1452,0.8660685229142598,626.7494648721474,POSCAR_Cr2Se2_1_z050,0.608072,1.0,top5_6coordination
2,30070,0.8741374015808105,Co-S,6,32,1374,0.8651784258746081,627.0105267634422,POSCAR_Cr2S2_5_z025,0.53061,1.0,top5_6coordination
2,30070,0.8741374015808105,Co-S,6,33,1329,0.8651499392785588,669.5853709125645,POSCAR_Cr2S2_1_st950,0.902833,1.0,top5_6coordination
2,30070,0.8741374015808105,Co-S,6,34,1070,0.8645060071852411,683.1682219998955,POSCAR_Cr2F4_cluster1_st050,0.095033,2.0,top5_6coordination
2,30070,0.8741374015808105,Co-S,6,35,1334,0.8639605621754328,695.3137770162787,POSCAR_Cr2S2_1_x975,0.822587,1.0,top5_6coordination
2,30070,0.8741374015808105,Co-S,6,36,1340,0.863000384929963,671.7969821955808,POSCAR_Cr2S2_1_z050,0.726215,1.0,top5_6coordination
2,30070,0.8741374015808105,Co-S,6,37,1343,0.862102247743372,632.2834839751723,POSCAR_Cr2S2_2,0.586071,1.0,top5_6coordination
2,30070,0.8741374015808105,Co-S,6,38,1328,0.8616797099882395,653.9000236374377,POSCAR_Cr2S2_1_st050,0.677717,1.0,top5_6coordination
2,30070,0.8741374015808105,Co-S,6,39,1369,0.8614828897751331,631.4731926210678,POSCAR_Cr2S2_5,0.579189,1.0,top5_6coordination
2,30070,0.8741374015808105,Co-S,6,40,1348,0.8596672120975851,638.5721385866985,POSCAR_Cr2S2_2_z025,0.569787,1.0,top5_6coordination
2,30070,0.8741374015808105,Co-S,6,41,1447,0.8587927350600245,629.1877143096746,POSCAR_Cr2Se2_1_st025,0.5341,1.0,top5_6coordination
2,30070,0.8741374015808105,Co-S,6,42,1349,0.8550249770123233,645.7569916754006,POSCAR_Cr2S2_2_z050,0.55592,1.0,top5_6coordination
2,30070,0.8741374015808105,Co-S,6,43,1344,0.8528220282909184,629.0072173299984,POSCAR_Cr2S2_2_st025,0.552744,1.0,top5_6coordination
2,30070,0.8741374015808105,Co-S,6,44,1069,0.852287696364221,687.6793202877352,POSCAR_Cr2F4_cluster1_st025,0.0994,2.0,top5_6coordination
2,30070,0.8741374015808105,Co-S,6,45,1370,0.8521138343555914,628.1669774071404,POSCAR_Cr2S2_5_st025,0.534906,1.0,top5_6coordination
2,30070,0.8741374015808105,Co-S,6,46,1622,0.8498889398295622,678.8098330230907,POSCAR_Cu2O4_1_st050,0.355697,2.0,top5_6coordination
2,30070,0.8741374015808105,Co-S,6,47,3138,0.849621539547918,638.2318289495687,POSCAR_Mo2Te2_1_st950,1.100611,1.0,top5_6coordination
2,30070,0.8741374015808105,Co-S,6,48,3142,0.8466756775515026,587.5069912216604,POSCAR_Mo2Te2_1_z950,0.966295,1.0,top5_6coordination
2,30070,0.8741374015808105,Co-S,6,49,1333,0.8391151098736187,728.1040157084512,POSCAR_Cr2S2_1_x950,0.879047,1.0,top5_6coordination
2,30070,0.8741374015808105,Co-S,6,50,1626,0.8388388531338601,653.2571843320895,POSCAR_Cu2O4_1_x050,0.478825,2.0,top5_6coordination
3,81507,0.868302583694458,Cu-S,6,1,1337,0.9042795625572813,467.9661911304508,POSCAR_Cr2S2_1_y950,0.725002,1.0,top5_6coordination
3,81507,0.868302583694458,Cu-S,6,2,1332,0.9041547190080672,453.63778434508464,POSCAR_Cr2S2_1_x050,0.676615,1.0,top5_6coordination
3,81507,0.868302583694458,Cu-S,6,3,1331,0.8967920834393768,482.7500963995425,POSCAR_Cr2S2_1_x025,0.719078,1.0,top5_6coordination
3,81507,0.868302583694458,Cu-S,6,4,1338,0.8903823534585606,488.27129038619637,POSCAR_Cr2S2_1_y975,0.74726,1.0,top5_6coordination
3,81507,0.868302583694458,Cu-S,6,5,1458,0.889862696672363,475.217379496043,POSCAR_Cr2Se2_2_st950,0.736631,1.0,top5_6coordination
3,81507,0.868302583694458,Cu-S,6,6,1459,0.8845242600940385,472.2780352348735,POSCAR_Cr2Se2_2_st975,0.639076,1.0,top5_6coordination
3,81507,0.868302583694458,Cu-S,6,7,1341,0.8844925976463375,501.6016538656083,POSCAR_Cr2S2_1_z950,0.819967,1.0,top5_6coordination
3,81507,0.868302583694458,Cu-S,6,8,1342,0.8812519072934161,506.34049249428125,POSCAR_Cr2S2_1_z975,0.793052,1.0,top5_6coordination
3,81507,0.868302583694458,Cu-S,6,9,1449,0.8805463802809096,494.45981324690075,POSCAR_Cr2Se2_1_st950,0.74998,1.0,top5_6coordination
3,81507,0.868302583694458,Cu-S,6,10,1330,0.8777918291732928,514.1051841835981,POSCAR_Cr2S2_1_st975,0.82782,1.0,top5_6coordination
3,81507,0.868302583694458,Cu-S,6,11,1462,0.8772478254375061,473.9827889971661,POSCAR_Cr2Se2_2_z950,0.712002,1.0,top5_6coordination
3,81507,0.868302583694458,Cu-S,6,12,1326,0.8770424435164514,511.1894487383944,POSCAR_Cr2S2_1,0.766667,1.0,top5_6coordination
3,81507,0.868302583694458,Cu-S,6,13,1460,0.8767278873291467,471.3278598426904,POSCAR_Cr2Se2_2_z025,0.58801,1.0,top5_6coordination
3,81507,0.868302583694458,Cu-S,6,14,1463,0.8765261170358604,472.249562509384,POSCAR_Cr2Se2_2_z975,0.628272,1.0,top5_6coordination
3,81507,0.868302583694458,Cu-S,6,15,1450,0.8755712464110933,491.67197262673204,POSCAR_Cr2Se2_1_st975,0.657581,1.0,top5_6coordination
3,81507,0.868302583694458,Cu-S,6,16,1455,0.8755436073534258,469.94566963134065,POSCAR_Cr2Se2_2,0.580627,1.0,top5_6coordination
3,81507,0.868302583694458,Cu-S,6,17,1329,0.8735873093560476,517.5390010536895,POSCAR_Cr2S2_1_st950,0.902833,1.0,top5_6coordination
3,81507,0.868302583694458,Cu-S,6,18,1350,0.8732353701594743,469.6300651174273,POSCAR_Cr2S2_2_z950,0.681751,1.0,top5_6coordination
3,81507,0.868302583694458,Cu-S,6,19,1339,0.8727560606300605,516.0888819325268,POSCAR_Cr2S2_1_z025,0.746748,1.0,top5_6coordination
3,81507,0.868302583694458,Cu-S,6,20,1346,0.872653476953711,494.29270062814203,POSCAR_Cr2S2_2_st950,0.81405,1.0,top5_6coordination
3,81507,0.868302583694458,Cu-S,6,21,1335,0.8719866281560631,533.2995534469128,POSCAR_Cr2S2_1_y025,0.792498,1.0,top5_6coordination
3,81507,0.868302583694458,Cu-S,6,22,1372,0.8717084383509807,493.90928312331096,POSCAR_Cr2S2_5_st950,0.850929,1.0,top5_6coordination
3,81507,0.868302583694458,Cu-S,6,23,1327,0.8716549434059497,508.7994898615167,POSCAR_Cr2S2_1_st025,0.71983,1.0,top5_6coordination
3,81507,0.868302583694458,Cu-S,6,24,1334,0.8701544028557672,541.0364262197322,POSCAR_Cr2S2_1_x975,0.822587,1.0,top5_6coordination
3,81507,0.868302583694458,Cu-S,6,25,1461,0.8695429094056178,471.029803119601,POSCAR_Cr2Se2_2_z050,0.592666,1.0,top5_6coordination
3,81507,0.868302583694458,Cu-S,6,26,1453,0.8691426764388417,492.0485965414861,POSCAR_Cr2Se2_1_z950,0.725104,1.0,top5_6coordination
3,81507,0.868302583694458,Cu-S,6,27,1347,0.8688139612106602,491.28149347023225,POSCAR_Cr2S2_2_st975,0.661331,1.0,top5_6coordination
3,81507,0.868302583694458,Cu-S,6,28,1454,0.867988853676738,490.9649612462589,POSCAR_Cr2Se2_1_z975,0.642033,1.0,top5_6coordination
3,81507,0.868302583694458,Cu-S,6,29,1373,0.8676997742428901,490.8791010161095,POSCAR_Cr2S2_5_st975,0.702008,1.0,top5_6coordination
3,81507,0.868302583694458,Cu-S,6,30,1351,0.8671378148043175,479.97020789365274,POSCAR_Cr2S2_2_z975,0.615927,1.0,top5_6coordination
3,81507,0.868302583694458,Cu-S,6,31,1340,0.8671245008592365,521.1122757470998,POSCAR_Cr2S2_1_z050,0.726215,1.0,top5_6coordination
3,81507,0.868302583694458,Cu-S,6,32,1446,0.8665172947134034,489.47938153454595,POSCAR_Cr2Se2_1,0.597532,1.0,top5_6coordination
3,81507,0.868302583694458,Cu-S,6,33,1451,0.8646219725650386,487.38813465505666,POSCAR_Cr2Se2_1_z025,0.604224,1.0,top5_6coordination
3,81507,0.868302583694458,Cu-S,6,34,1374,0.8638183757603289,484.39237954387715,POSCAR_Cr2S2_5_z025,0.53061,1.0,top5_6coordination
3,81507,0.868302583694458,Cu-S,6,35,1328,0.8621245947893111,506.94364737123874,POSCAR_Cr2S2_1_st050,0.677717,1.0,top5_6coordination
3,81507,0.868302583694458,Cu-S,6,36,1452,0.8613976524295225,485.58711456487697,POSCAR_Cr2Se2_1_z050,0.608072,1.0,top5_6coordination
3,81507,0.868302583694458,Cu-S,6,37,1343,0.8610805788644669,488.847809912175,POSCAR_Cr2S2_2,0.586071,1.0,top5_6coordination
3,81507,0.868302583694458,Cu-S,6,38,1369,0.8598406871321393,488.42831134276776,POSCAR_Cr2S2_5,0.579189,1.0,top5_6coordination
3,81507,0.868302583694458,Cu-S,6,39,1348,0.8592064331413252,494.0793831133021,POSCAR_Cr2S2_2_z025,0.569787,1.0,top5_6coordination
3,81507,0.868302583694458,Cu-S,6,40,1070,0.8572313320003567,535.1223574079942,POSCAR_Cr2F4_cluster1_st050,0.095033,2.0,top5_6coordination
3,81507,0.868302583694458,Cu-S,6,41,1349,0.8541038664762187,500.55764309547584,POSCAR_Cr2S2_2_z050,0.55592,1.0,top5_6coordination
3,81507,0.868302583694458,Cu-S,6,42,1447,0.8539893758168177,487.8922929051864,POSCAR_Cr2Se2_1_st025,0.5341,1.0,top5_6coordination
3,81507,0.868302583694458,Cu-S,6,43,1622,0.8504243438257053,528.7211723475942,POSCAR_Cu2O4_1_st050,0.355697,2.0,top5_6coordination
3,81507,0.868302583694458,Cu-S,6,44,1344,0.8500059041975624,486.99937972113946,POSCAR_Cr2S2_2_st025,0.552744,1.0,top5_6coordination
3,81507,0.868302583694458,Cu-S,6,45,1370,0.8486868919734858,486.56466248999857,POSCAR_Cr2S2_5_st025,0.534906,1.0,top5_6coordination
3,81507,0.868302583694458,Cu-S,6,46,1333,0.8475013032600273,569.4871959029537,POSCAR_Cr2S2_1_x950,0.879047,1.0,top5_6coordination
3,81507,0.868302583694458,Cu-S,6,47,1069,0.8468587073598639,538.5447435839922,POSCAR_Cr2F4_cluster1_st025,0.0994,2.0,top5_6coordination
3,81507,0.868302583694458,Cu-S,6,48,3138,0.8431158037558115,496.56165641520016,POSCAR_Mo2Te2_1_st950,1.100611,1.0,top5_6coordination
3,81507,0.868302583694458,Cu-S,6,49,1626,0.8393582363029758,506.72130025858627,POSCAR_Cu2O4_1_x050,0.478825,2.0,top5_6coordination
3,81507,0.868302583694458,Cu-S,6,50,3142,0.8364796309895928,455.5546809152275,POSCAR_Mo2Te2_1_z950,0.966295,1.0,top5_6coordination
4,21953,0.8672648668289185,Fe-As,6,1,1337,0.8931034126124453,441.01414461851573,POSCAR_Cr2S2_1_y950,0.725002,1.0,top5_6coordination
4,21953,0.8672648668289185,Fe-As,6,2,1332,0.8926289508739362,427.6411560297506,POSCAR_Cr2S2_1_x050,0.676615,1.0,top5_6coordination
4,21953,0.8672648668289185,Fe-As,6,3,1331,0.8839858722305164,455.73445493599746,POSCAR_Cr2S2_1_x025,0.719078,1.0,top5_6coordination
4,21953,0.8672648668289185,Fe-As,6,4,1070,0.8790558331775647,493.616245198217,POSCAR_Cr2F4_cluster1_st050,0.095033,2.0,top5_6coordination
4,21953,0.8672648668289185,Fe-As,6,5,1069,0.8695928061669521,496.62547081659574,POSCAR_Cr2F4_cluster1_st025,0.0994,2.0,top5_6coordination
4,21953,0.8672648668289185,Fe-As,6,6,1338,0.8692036857079332,464.3597654366354,POSCAR_Cr2S2_1_y975,0.74726,1.0,top5_6coordination
4,21953,0.8672648668289185,Fe-As,6,7,1458,0.8690027264614971,452.1034645856317,POSCAR_Cr2Se2_2_st950,0.736631,1.0,top5_6coordination
4,21953,0.8672648668289185,Fe-As,6,8,1460,0.8676044165617339,443.6521931745151,POSCAR_Cr2Se2_2_z025,0.58801,1.0,top5_6coordination
4,21953,0.8672648668289185,Fe-As,6,9,1622,0.8644569938698843,489.97653916214705,POSCAR_Cu2O4_1_st050,0.355697,2.0,top5_6coordination
4,21953,0.8672648668289185,Fe-As,6,10,1461,0.8636377169588443,442.04168166771103,POSCAR_Cr2Se2_2_z050,0.592666,1.0,top5_6coordination
4,21953,0.8672648668289185,Fe-As,6,11,1459,0.863113863760469,449.71323143356045,POSCAR_Cr2Se2_2_st975,0.639076,1.0,top5_6coordination
4,21953,0.8672648668289185,Fe-As,6,12,1341,0.8624743184072182,477.18609740692966,POSCAR_Cr2S2_1_z950,0.819967,1.0,top5_6coordination
4,21953,0.8672648668289185,Fe-As,6,13,1372,0.8616548249409087,465.46584774377254,POSCAR_Cr2S2_5_st950,0.850929,1.0,top5_6coordination
4,21953,0.8672648668289185,Fe-As,6,14,1449,0.858686580665819,470.558294454564,POSCAR_Cr2Se2_1_st950,0.74998,1.0,top5_6coordination
4,21953,0.8672648668289185,Fe-As,6,15,1342,0.8585382986265847,481.9089709917294,POSCAR_Cr2S2_1_z975,0.793052,1.0,top5_6coordination
4,21953,0.8672648668289185,Fe-As,6,16,1626,0.8583661063740143,466.2447429036111,POSCAR_Cu2O4_1_x050,0.478825,2.0,top5_6coordination
4,21953,0.8672648668289185,Fe-As,6,17,1350,0.8576131122033951,444.9496894081866,POSCAR_Cr2S2_2_z950,0.681751,1.0,top5_6coordination
4,21953,0.8672648668289185,Fe-As,6,18,1373,0.8568362571657566,462.97691924905456,POSCAR_Cr2S2_5_st975,0.702008,1.0,top5_6coordination
4,21953,0.8672648668289185,Fe-As,6,19,1346,0.8564095414879555,468.2986999405055,POSCAR_Cr2S2_2_st950,0.81405,1.0,top5_6coordination
4,21953,0.8672648668289185,Fe-As,6,20,1335,0.856136169971287,504.7794191898456,POSCAR_Cr2S2_1_y025,0.792498,1.0,top5_6coordination
4,21953,0.8672648668289185,Fe-As,6,21,1068,0.8559241377727966,500.0340771775514,POSCAR_Cr2F4_cluster1,0.105184,2.0,top5_6coordination
4,21953,0.8672648668289185,Fe-As,6,22,1462,0.8558720805025064,451.42749896479904,POSCAR_Cr2Se2_2_z950,0.712002,1.0,top5_6coordination
4,21953,0.8672648668289185,Fe-As,6,23,1330,0.8550972990767423,489.1738228673276,POSCAR_Cr2S2_1_st975,0.82782,1.0,top5_6coordination
4,21953,0.8672648668289185,Fe-As,6,24,1463,0.8548916656035763,449.9490131599292,POSCAR_Cr2Se2_2_z975,0.628272,1.0,top5_6coordination
4,21953,0.8672648668289185,Fe-As,6,25,1334,0.8544325311451447,512.0383357488075,POSCAR_Cr2S2_1_x975,0.822587,1.0,top5_6coordination
4,21953,0.8672648668289185,Fe-As,6,26,1455,0.8537087013810241,447.9253266138221,POSCAR_Cr2Se2_2,0.580627,1.0,top5_6coordination
4,21953,0.8672648668289185,Fe-As,6,27,1326,0.8536103471129785,486.7518485569869,POSCAR_Cr2S2_1,0.766667,1.0,top5_6coordination
4,21953,0.8672648668289185,Fe-As,6,28,1635,0.8535742652503715,454.48793660957693,POSCAR_Cu2O4_1_z950,0.646015,2.0,top5_6coordination
4,21953,0.8672648668289185,Fe-As,6,29,1450,0.8531252919342359,468.29899605491227,POSCAR_Cr2Se2_1_st975,0.657581,1.0,top5_6coordination
4,21953,0.8672648668289185,Fe-As,6,30,1347,0.8518702904460068,465.8244079721058,POSCAR_Cr2S2_2_st975,0.661331,1.0,top5_6coordination
4,21953,0.8672648668289185,Fe-As,6,31,1329,0.8517836861953169,492.10984916297804,POSCAR_Cr2S2_1_st950,0.902833,1.0,top5_6coordination
4,21953,0.8672648668289185,Fe-As,6,32,1630,0.8507529172203172,478.8926789176279,POSCAR_Cu2O4_1_y050,0.494777,2.0,top5_6coordination
4,21953,0.8672648668289185,Fe-As,6,33,1351,0.8507059077824766,455.06938476385676,POSCAR_Cr2S2_2_z975,0.615927,1.0,top5_6coordination
4,21953,0.8672648668289185,Fe-As,6,34,1621,0.849319673141341,493.79795052532285,POSCAR_Cu2O4_1_st025,0.421394,2.0,top5_6coordination
4,21953,0.8672648668289185,Fe-As,6,35,1339,0.848468683142327,491.6851414140047,POSCAR_Cr2S2_1_z025,0.746748,1.0,top5_6coordination
4,21953,0.8672648668289185,Fe-As,6,36,1369,0.8482587510915902,461.063340341778,POSCAR_Cr2S2_5,0.579189,1.0,top5_6coordination
4,21953,0.8672648668289185,Fe-As,6,37,1625,0.8478958423043366,481.9422026597544,POSCAR_Cu2O4_1_x025,0.482128,2.0,top5_6coordination
4,21953,0.8672648668289185,Fe-As,6,38,1327,0.8476417985895236,484.8515180563786,POSCAR_Cr2S2_1_st025,0.71983,1.0,top5_6coordination
4,21953,0.8672648668289185,Fe-As,6,39,1453,0.8468954239049025,468.6926271590995,POSCAR_Cr2Se2_1_z950,0.725104,1.0,top5_6coordination
4,21953,0.8672648668289185,Fe-As,6,40,1374,0.845537687627323,460.03863996235725,POSCAR_Cr2S2_5_z025,0.53061,1.0,top5_6coordination
4,21953,0.8672648668289185,Fe-As,6,41,1454,0.8454031778872076,467.85021092708115,POSCAR_Cr2Se2_1_z975,0.642033,1.0,top5_6coordination
4,21953,0.8672648668289185,Fe-As,6,42,1446,0.8436287934037813,466.63031872495736,POSCAR_Cr2Se2_1,0.597532,1.0,top5_6coordination
4,21953,0.8672648668289185,Fe-As,6,43,1343,0.8435522361341858,463.92360144036815,POSCAR_Cr2S2_2,0.586071,1.0,top5_6coordination
4,21953,0.8672648668289185,Fe-As,6,44,1340,0.8419912623369212,496.74440611828425,POSCAR_Cr2S2_1_z050,0.726215,1.0,top5_6coordination
4,21953,0.8672648668289185,Fe-As,6,45,1451,0.841564242520205,464.8073985641956,POSCAR_Cr2Se2_1_z025,0.604224,1.0,top5_6coordination
4,21953,0.8672648668289185,Fe-As,6,46,1629,0.84130441465687,488.9011236802098,POSCAR_Cu2O4_1_y025,0.498212,2.0,top5_6coordination
4,21953,0.8672648668289185,Fe-As,6,47,1636,0.8408426078307802,476.8234019615348,POSCAR_Cu2O4_1_z975,0.565893,2.0,top5_6coordination
4,21953,0.8672648668289185,Fe-As,6,48,1348,0.8403914894977269,469.36351624883906,POSCAR_Cr2S2_2_z025,0.569787,1.0,top5_6coordination
4,21953,0.8672648668289185,Fe-As,6,49,1072,0.8384348990767165,503.8382638669901,POSCAR_Cr2F4_cluster1_st975,0.112404,2.0,top5_6coordination
4,21953,0.8672648668289185,Fe-As,6,50,1452,0.8382048421849132,463.27063281473727,POSCAR_Cr2Se2_1_z050,0.608072,1.0,top5_6coordination
5,74792,0.8508081436157227,Cu-S,6,1,1332,0.8915051721254355,250.12135588188985,POSCAR_Cr2S2_1_x050,0.676615,1.0,top5_6coordination
5,74792,0.8508081436157227,Cu-S,6,2,1337,0.8906036691143527,260.3813002708395,POSCAR_Cr2S2_1_y950,0.725002,1.0,top5_6coordination
5,74792,0.8508081436157227,Cu-S,6,3,1331,0.8858307700007532,270.09692828086503,POSCAR_Cr2S2_1_x025,0.719078,1.0,top5_6coordination
5,74792,0.8508081436157227,Cu-S,6,4,1338,0.8750539139598638,275.650800250729,POSCAR_Cr2S2_1_y975,0.74726,1.0,top5_6coordination
5,74792,0.8508081436157227,Cu-S,6,5,1341,0.8725918787695209,284.1239195939329,POSCAR_Cr2S2_1_z950,0.819967,1.0,top5_6coordination
5,74792,0.8508081436157227,Cu-S,6,6,1458,0.8717857867222492,267.5681266099503,POSCAR_Cr2Se2_2_st950,0.736631,1.0,top5_6coordination
5,74792,0.8508081436157227,Cu-S,6,7,1342,0.8687698958619927,287.7626053022923,POSCAR_Cr2S2_1_z975,0.793052,1.0,top5_6coordination
5,74792,0.8508081436157227,Cu-S,6,8,1335,0.8671313852030935,305.0661650985144,POSCAR_Cr2S2_1_y025,0.792498,1.0,top5_6coordination
5,74792,0.8508081436157227,Cu-S,6,9,1459,0.8664453498113304,265.81875184799077,POSCAR_Cr2Se2_2_st975,0.639076,1.0,top5_6coordination
5,74792,0.8508081436157227,Cu-S,6,10,1334,0.8651478972211788,310.76148866583344,POSCAR_Cr2S2_1_x975,0.822587,1.0,top5_6coordination
5,74792,0.8508081436157227,Cu-S,6,11,1330,0.8649726450654774,293.4698976430948,POSCAR_Cr2S2_1_st975,0.82782,1.0,top5_6coordination
5,74792,0.8508081436157227,Cu-S,6,12,1460,0.8644159464891917,263.5208273401751,POSCAR_Cr2Se2_2_z025,0.58801,1.0,top5_6coordination
5,74792,0.8508081436157227,Cu-S,6,13,1326,0.8639343279684868,291.5237681503974,POSCAR_Cr2S2_1,0.766667,1.0,top5_6coordination
5,74792,0.8508081436157227,Cu-S,6,14,1449,0.8630033772109822,281.0828012908211,POSCAR_Cr2Se2_1_st950,0.74998,1.0,top5_6coordination
5,74792,0.8508081436157227,Cu-S,6,15,1329,0.8611526587234514,295.9263923452871,POSCAR_Cr2S2_1_st950,0.902833,1.0,top5_6coordination
5,74792,0.8508081436157227,Cu-S,6,16,1462,0.8601163039020849,267.0182458789565,POSCAR_Cr2Se2_2_z950,0.712002,1.0,top5_6coordination
5,74792,0.8508081436157227,Cu-S,6,17,1339,0.8588925529369386,295.3577943256652,POSCAR_Cr2S2_1_z025,0.746748,1.0,top5_6coordination
5,74792,0.8508081436157227,Cu-S,6,18,1463,0.8588593159806357,266.06501786905955,POSCAR_Cr2Se2_2_z975,0.628272,1.0,top5_6coordination
5,74792,0.8508081436157227,Cu-S,6,19,1461,0.8586439922691445,263.17050718871275,POSCAR_Cr2Se2_2_z050,0.592666,1.0,top5_6coordination
5,74792,0.8508081436157227,Cu-S,6,20,1327,0.8583531977795152,290.0955011602793,POSCAR_Cr2S2_1_st025,0.71983,1.0,top5_6coordination
5,74792,0.8508081436157227,Cu-S,6,21,1450,0.8579554778470951,279.3950788742457,POSCAR_Cr2Se2_1_st975,0.657581,1.0,top5_6coordination
5,74792,0.8508081436157227,Cu-S,6,22,1455,0.8575579068942679,264.66745055834554,POSCAR_Cr2Se2_2,0.580627,1.0,top5_6coordination
5,74792,0.8508081436157227,Cu-S,6,23,1453,0.8528640882931514,279.4998699216872,POSCAR_Cr2Se2_1_z950,0.725104,1.0,top5_6coordination
5,74792,0.8508081436157227,Cu-S,6,24,1340,0.852482971534556,299.32676804347614,POSCAR_Cr2S2_1_z050,0.726215,1.0,top5_6coordination
5,74792,0.8508081436157227,Cu-S,6,25,1454,0.8509998156714005,279.04427405053445,POSCAR_Cr2Se2_1_z975,0.642033,1.0,top5_6coordination
5,74792,0.8508081436157227,Cu-S,6,26,1446,0.8489349746286496,278.2937426754155,POSCAR_Cr2Se2_1,0.597532,1.0,top5_6coordination
5,74792,0.8508081436157227,Cu-S,6,27,1328,0.8487202867313868,289.19323864057003,POSCAR_Cr2S2_1_st050,0.677717,1.0,top5_6coordination
5,74792,0.8508081436157227,Cu-S,6,28,1333,0.8472500623145717,330.8372459990754,POSCAR_Cr2S2_1_x950,0.879047,1.0,top5_6coordination
5,74792,0.8508081436157227,Cu-S,6,29,1451,0.8467679592867168,277.04760880708915,POSCAR_Cr2Se2_1_z025,0.604224,1.0,top5_6coordination
5,74792,0.8508081436157227,Cu-S,6,30,1452,0.8433268650043171,276.0563841823833,POSCAR_Cr2Se2_1_z050,0.608072,1.0,top5_6coordination
5,74792,0.8508081436157227,Cu-S,6,31,1372,0.8407819270890206,285.49318877358115,POSCAR_Cr2S2_5_st950,0.850929,1.0,top5_6coordination
5,74792,0.8508081436157227,Cu-S,6,32,1336,0.8403123886113684,322.2998188627548,POSCAR_Cr2S2_1_y050,0.81904,1.0,top5_6coordination
5,74792,0.8508081436157227,Cu-S,6,33,1350,0.8386048437978914,270.5805672657562,POSCAR_Cr2S2_2_z950,0.681751,1.0,top5_6coordination
5,74792,0.8508081436157227,Cu-S,6,34,1346,0.8385290268077432,286.75214971586655,POSCAR_Cr2S2_2_st950,0.81405,1.0,top5_6coordination
5,74792,0.8508081436157227,Cu-S,6,35,1373,0.8367921786650614,283.6674903097503,POSCAR_Cr2S2_5_st975,0.702008,1.0,top5_6coordination
5,74792,0.8508081436157227,Cu-S,6,36,1447,0.8365353822661321,277.7888183661476,POSCAR_Cr2Se2_1_st025,0.5341,1.0,top5_6coordination
5,74792,0.8508081436157227,Cu-S,6,37,3138,0.8364392040245293,280.54694667749095,POSCAR_Mo2Te2_1_st950,1.100611,1.0,top5_6coordination
5,74792,0.8508081436157227,Cu-S,6,38,1347,0.8347454797428407,284.93334028820425,POSCAR_Cr2S2_2_st975,0.661331,1.0,top5_6coordination
5,74792,0.8508081436157227,Cu-S,6,39,1070,0.8340014668119472,311.9892349094961,POSCAR_Cr2F4_cluster1_st050,0.095033,2.0,top5_6coordination
5,74792,0.8508081436157227,Cu-S,6,40,1351,0.8335335650310225,277.38467406576433,POSCAR_Cr2S2_2_z975,0.615927,1.0,top5_6coordination
5,74792,0.8508081436157227,Cu-S,6,41,1374,0.8296575468351896,280.69228005079077,POSCAR_Cr2S2_5_z025,0.53061,1.0,top5_6coordination
5,74792,0.8508081436157227,Cu-S,6,42,1369,0.8291083253804226,282.4134423887831,POSCAR_Cr2S2_5,0.579189,1.0,top5_6coordination
5,74792,0.8508081436157227,Cu-S,6,43,3142,0.8279435282522282,253.8192107779845,POSCAR_Mo2Te2_1_z950,0.966295,1.0,top5_6coordination
5,74792,0.8508081436157227,Cu-S,6,44,1343,0.8272386052557188,283.68432153762757,POSCAR_Cr2S2_2,0.586071,1.0,top5_6coordination
5,74792,0.8508081436157227,Cu-S,6,45,1622,0.8250320817788018,308.43424512000263,POSCAR_Cu2O4_1_st050,0.355697,2.0,top5_6coordination
5,74792,0.8508081436157227,Cu-S,6,46,1069,0.8245733573116082,314.47733872379115,POSCAR_Cr2F4_cluster1_st025,0.0994,2.0,top5_6coordination
5,74792,0.8508081436157227,Cu-S,6,47,1348,0.8245203411983002,287.53746447407514,POSCAR_Cr2S2_2_z025,0.569787,1.0,top5_6coordination
5,74792,0.8508081436157227,Cu-S,6,48,1349,0.8200166722445028,291.91839272813104,POSCAR_Cr2S2_2_z050,0.55592,1.0,top5_6coordination
5,74792,0.8508081436157227,Cu-S,6,49,1370,0.8182667403108995,281.7385948888759,POSCAR_Cr2S2_5_st025,0.534906,1.0,top5_6coordination
5,74792,0.8508081436157227,Cu-S,6,50,3139,0.8175194271772201,280.9712631120644,POSCAR_Mo2Te2_1_st975,1.005254,1.0,top5_6coordination
1,42747,1.0605180263519287,Fe-S,4,1,1589,0.6941230337590026,84.08398712623793,POSCAR_Cu2O2_1_st950,1.633544,1.0,top5_overall
1,42747,1.0605180263519287,Fe-S,4,2,1590,0.6874665276267277,85.41923289642547,POSCAR_Cu2O2_1_st975,1.590435,1.0,top5_overall
1,42747,1.0605180263519287,Fe-S,4,3,1593,0.6844330266650176,86.1603470636279,POSCAR_Cu2O2_1_z950,1.487449,1.0,top5_overall
1,42747,1.0605180263519287,Fe-S,4,4,1594,0.6830517757492014,86.36670320275923,POSCAR_Cu2O2_1_z975,1.514487,1.0,top5_overall
1,42747,1.0605180263519287,Fe-S,4,5,1585,0.6797856237151012,87.01186555472682,POSCAR_Cu2O2_1,1.44026,1.0,top5_overall
1,42747,1.0605180263519287,Fe-S,4,6,2602,0.6783374270447297,87.43985294195006,POSCAR_Mn2N2_3_z950,1.008152,1.0,top5_overall
1,42747,1.0605180263519287,Fe-S,4,7,1591,0.6755508748024214,87.89548925210848,POSCAR_Cu2O2_1_z025,1.346967,1.0,top5_overall
1,42747,1.0605180263519287,Fe-S,4,8,2598,0.6744799436690077,88.49143537290983,POSCAR_Mn2N2_3_st950,1.061157,1.0,top5_overall
1,42747,1.0605180263519287,Fe-S,4,9,2603,0.6710483520638131,89.046318414074,POSCAR_Mn2N2_3_z975,0.911785,1.0,top5_overall
1,42747,1.0605180263519287,Fe-S,4,10,1586,0.6710036624840864,88.86255196034294,POSCAR_Cu2O2_1_st025,1.290077,1.0,top5_overall
1,42747,1.0605180263519287,Fe-S,4,11,1592,0.6703804181227353,89.00165821274136,POSCAR_Cu2O2_1_z050,1.235626,1.0,top5_overall
1,42747,1.0605180263519287,Fe-S,4,12,2599,0.6702893641488943,89.39437525080714,POSCAR_Mn2N2_3_st975,0.968497,1.0,top5_overall
1,42747,1.0605180263519287,Fe-S,4,13,1587,0.6691554226942593,89.07791535417796,POSCAR_Cu2O2_1_st05,1.117122,1.0,top5_overall
1,42747,1.0605180263519287,Fe-S,4,14,2595,0.6626478390002482,90.90870894756122,POSCAR_Mn2N2_3,0.951758,1.0,top5_overall
1,42747,1.0605180263519287,Fe-S,4,15,1588,0.6610477008974157,90.97200823491318,POSCAR_Cu2O2_1_st050,1.114514,1.0,top5_overall
1,42747,1.0605180263519287,Fe-S,4,16,2596,0.6539323440079581,92.67642383146168,POSCAR_Mn2N2_3_st025,0.950584,1.0,top5_overall
1,42747,1.0605180263519287,Fe-S,4,17,2601,0.6500179621468413,93.49111526983195,POSCAR_Mn2N2_3_z050,1.077095,1.0,top5_overall
1,42747,1.0605180263519287,Fe-S,4,18,2600,0.6499436575361309,93.56219372477054,POSCAR_Mn2N2_3_z025,1.030581,1.0,top5_overall
1,42747,1.0605180263519287,Fe-S,4,19,1214,0.6480901581158123,93.87298505178855,POSCAR_Cr2O2_2_z025,1.117426,1.0,top5_overall
1,42747,1.0605180263519287,Fe-S,4,20,2597,0.6440689692875633,94.69821901241556,POSCAR_Mn2N2_3_st050,0.943564,1.0,top5_overall
1,42747,1.0605180263519287,Fe-S,4,21,1216,0.6365546945079593,97.02967203764553,POSCAR_Cr2O2_2_z950,1.367022,1.0,top5_overall
1,42747,1.0605180263519287,Fe-S,4,22,1217,0.6340816508639643,97.36673527877836,POSCAR_Cr2O2_2_z975,1.279056,1.0,top5_overall
1,42747,1.0605180263519287,Fe-S,4,23,1209,0.6305829077425181,97.9651507487842,POSCAR_Cr2O2_2,1.196253,1.0,top5_overall
1,42747,1.0605180263519287,Fe-S,4,24,1212,0.6251360175065092,99.38764909641861,POSCAR_Cr2O2_2_st950,1.604422,1.0,top5_overall
1,42747,1.0605180263519287,Fe-S,4,25,1210,0.6182523342599975,100.4762318557321,POSCAR_Cr2O2_2_st025,1.02415,1.0,top5_overall
1,42747,1.0605180263519287,Fe-S,4,26,1213,0.6122689820765791,101.98379961851141,POSCAR_Cr2O2_2_st975,1.387752,1.0,top5_overall
1,42747,1.0605180263519287,Fe-S,4,27,1211,0.6045283540679235,103.27627767511349,POSCAR_Cr2O2_2_st050,0.866297,1.0,top5_overall
1,42747,1.0605180263519287,Fe-S,4,28,1215,0.5872313138231321,106.89716695643295,POSCAR_Cr2O2_2_z050,1.041263,1.0,top5_overall
1,42747,1.0605180263519287,Fe-S,4,29,2074,0.5223603259952971,117.68354406967552,POSCAR_Fe2O2_8_st950,1.097725,1.0,top5_overall
1,42747,1.0605180263519287,Fe-S,4,30,2075,0.5092342355376672,119.97009189589896,POSCAR_Fe2O2_8_st975,0.989544,1.0,top5_overall
1,42747,1.0605180263519287,Fe-S,4,31,3114,0.507396829748592,122.32481934994446,POSCAR_Mo2Se2_1_st950,1.037507,1.0,top5_overall
1,42747,1.0605180263519287,Fe-S,4,32,2078,0.5037563770578616,120.69840357386403,POSCAR_Fe2O2_8_z950,0.896546,1.0,top5_overall
1,42747,1.0605180263519287,Fe-S,4,33,2641,0.5013698583787906,122.53714993962662,POSCAR_Mn2O2_6_st950,0.761793,1.0,top5_overall
1,42747,1.0605180263519287,Fe-S,4,34,2079,0.49879167521876033,121.56439239709587,POSCAR_Fe2O2_8_z975,0.872848,1.0,top5_overall
1,42747,1.0605180263519287,Fe-S,4,35,2071,0.4932008287578238,122.57583683606974,POSCAR_Fe2O2_8,0.885788,1.0,top5_overall
1,42747,1.0605180263519287,Fe-S,4,36,3115,0.48884618728666973,126.09460854608415,POSCAR_Mo2Se2_1_st975,0.975994,1.0,top5_overall
1,42747,1.0605180263519287,Fe-S,4,37,2642,0.48687969551393606,125.11474653561685,POSCAR_Mn2O2_6_st975,0.80736,1.0,top5_overall
1,42747,1.0605180263519287,Fe-S,4,38,723,0.4867278473757396,124.01555140087366,POSCAR_C2Fe2_3_x950,0.760905,1.0,top5_overall
1,42747,1.0605180263519287,Fe-S,4,39,2076,0.48575406740333005,123.7442482388712,POSCAR_Fe2O2_8_z025,0.880531,1.0,top5_overall
1,42747,1.0605180263519287,Fe-S,4,40,2645,0.48460259269512584,124.62459376416753,POSCAR_Mn2O2_6_z950,0.82362,1.0,top5_overall
1,42747,1.0605180263519287,Fe-S,4,41,3119,0.4821075914963229,127.28780809351971,POSCAR_Mo2Se2_1_z975,0.8931,1.0,top5_overall
1,42747,1.0605180263519287,Fe-S,4,42,2646,0.47908065567998614,126.14717350773743,POSCAR_Mn2O2_6_z975,0.808567,1.0,top5_overall
1,42747,1.0605180263519287,Fe-S,4,43,2077,0.47802738969114555,124.91346448195367,POSCAR_Fe2O2_8_z050,0.846462,1.0,top5_overall
1,42747,1.0605180263519287,Fe-S,4,44,3118,0.4765132632192186,128.06468910742566,POSCAR_Mo2Se2_1_z950,0.874903,1.0,top5_overall
1,42747,1.0605180263519287,Fe-S,4,45,2072,0.47384404650207124,125.50333556829253,POSCAR_Fe2O2_8_st025,0.788144,1.0,top5_overall
1,42747,1.0605180263519287,Fe-S,4,46,725,0.4715182040747914,126.206036754172,POSCAR_C2Fe2_3_y050,0.956478,1.0,top5_overall
1,42747,1.0605180263519287,Fe-S,4,47,3694,0.4701448166445884,126.76796361434435,POSCAR_Ru2S2_2_st950,0.27415,1.0,top5_overall
1,42747,1.0605180263519287,Fe-S,4,48,3225,0.468872714914665,125.79153179092043,POSCAR_Ni2O2_5_x950,0.718918,1.0,top5_overall
1,42747,1.0605180263519287,Fe-S,4,49,2638,0.46846935091284725,128.0226088654931,POSCAR_Mn2O2_6,0.868847,1.0,top5_overall
1,42747,1.0605180263519287,Fe-S,4,50,721,0.4679433809649095,126.02756797123449,POSCAR_C2Fe2_3_st950,0.55808,1.0,top5_overall
2,36958,1.0423521995544434,Fe-S,4,1,1589,0.6887491597893795,84.80677459527536,POSCAR_Cu2O2_1_st950,1.633544,1.0,top5_overall
2,36958,1.0423521995544434,Fe-S,4,2,1590,0.6824989976454116,86.00226011432514,POSCAR_Cu2O2_1_st975,1.590435,1.0,top5_overall
2,36958,1.0423521995544434,Fe-S,4,3,1593,0.6794854586409527,86.73775718139608,POSCAR_Cu2O2_1_z950,1.487449,1.0,top5_overall
2,36958,1.0423521995544434,Fe-S,4,4,1594,0.6783462716000224,86.86926508063124,POSCAR_Cu2O2_1_z975,1.514487,1.0,top5_overall
2,36958,1.0423521995544434,Fe-S,4,5,1585,0.675246375906877,87.45484371323973,POSCAR_Cu2O2_1,1.44026,1.0,top5_overall
2,36958,1.0423521995544434,Fe-S,4,6,1591,0.6712022107871743,88.27483226751842,POSCAR_Cu2O2_1_z025,1.346967,1.0,top5_overall
2,36958,1.0423521995544434,Fe-S,4,7,2602,0.6681580422421884,89.22260632123431,POSCAR_Mn2N2_3_z950,1.008152,1.0,top5_overall
2,36958,1.0423521995544434,Fe-S,4,8,1586,0.6669147443456999,89.16518648385913,POSCAR_Cu2O2_1_st025,1.290077,1.0,top5_overall
2,36958,1.0423521995544434,Fe-S,4,9,1592,0.6662422196263711,89.31438499994707,POSCAR_Cu2O2_1_z050,1.235626,1.0,top5_overall
2,36958,1.0423521995544434,Fe-S,4,10,1587,0.6641780775721745,89.54322506858665,POSCAR_Cu2O2_1_st05,1.117122,1.0,top5_overall
2,36958,1.0423521995544434,Fe-S,4,11,2598,0.6640255676860539,90.36383696192074,POSCAR_Mn2N2_3_st950,1.061157,1.0,top5_overall
2,36958,1.0423521995544434,Fe-S,4,12,2603,0.660736665333508,90.82861313087486,POSCAR_Mn2N2_3_z975,0.911785,1.0,top5_overall
2,36958,1.0423521995544434,Fe-S,4,13,2599,0.659577703147605,91.305399627968,POSCAR_Mn2N2_3_st975,0.968497,1.0,top5_overall
2,36958,1.0423521995544434,Fe-S,4,14,1588,0.6574310071273984,91.13399878046071,POSCAR_Cu2O2_1_st050,1.114514,1.0,top5_overall
2,36958,1.0423521995544434,Fe-S,4,15,2595,0.6522291904977815,92.68624192564342,POSCAR_Mn2N2_3,0.951758,1.0,top5_overall
2,36958,1.0423521995544434,Fe-S,4,16,1214,0.6438620073403263,94.15699401261524,POSCAR_Cr2O2_2_z025,1.117426,1.0,top5_overall
2,36958,1.0423521995544434,Fe-S,4,17,2596,0.6438308226467828,94.32017302586011,POSCAR_Mn2N2_3_st025,0.950584,1.0,top5_overall
2,36958,1.0423521995544434,Fe-S,4,18,2601,0.6403932536673921,95.00599510944849,POSCAR_Mn2N2_3_z050,1.077095,1.0,top5_overall
2,36958,1.0423521995544434,Fe-S,4,19,2600,0.640003277589132,95.16016417992546,POSCAR_Mn2N2_3_z025,1.030581,1.0,top5_overall
2,36958,1.0423521995544434,Fe-S,4,20,2597,0.6343096142209061,96.20788645013818,POSCAR_Mn2N2_3_st050,0.943564,1.0,top5_overall
2,36958,1.0423521995544434,Fe-S,4,21,1216,0.6308804070440814,97.68679837671877,POSCAR_Cr2O2_2_z950,1.367022,1.0,top5_overall
2,36958,1.0423521995544434,Fe-S,4,22,1217,0.6285508492717837,97.96622963873372,POSCAR_Cr2O2_2_z975,1.279056,1.0,top5_overall
2,36958,1.0423521995544434,Fe-S,4,23,1209,0.6252184670707512,98.50351425466819,POSCAR_Cr2O2_2,1.196253,1.0,top5_overall
2,36958,1.0423521995544434,Fe-S,4,24,1212,0.6157948586439963,100.84927973857067,POSCAR_Cr2O2_2_st950,1.604422,1.0,top5_overall
2,36958,1.0423521995544434,Fe-S,4,25,1210,0.6133761457267952,100.8670780469366,POSCAR_Cr2O2_2_st025,1.02415,1.0,top5_overall
2,36958,1.0423521995544434,Fe-S,4,26,1213,0.6032536042546514,103.31650956058823,POSCAR_Cr2O2_2_st975,1.387752,1.0,top5_overall
2,36958,1.0423521995544434,Fe-S,4,27,1211,0.6001670630254259,103.51875985080547,POSCAR_Cr2O2_2_st050,0.866297,1.0,top5_overall
2,36958,1.0423521995544434,Fe-S,4,28,1215,0.5792070439232372,107.91063749635704,POSCAR_Cr2O2_2_z050,1.041263,1.0,top5_overall
2,36958,1.0423521995544434,Fe-S,4,29,2074,0.5097379027806637,118.61667662333927,POSCAR_Fe2O2_8_st950,1.097725,1.0,top5_overall
2,36958,1.0423521995544434,Fe-S,4,30,3114,0.5069857488574241,121.57680590600634,POSCAR_Mo2Se2_1_st950,1.037507,1.0,top5_overall
2,36958,1.0423521995544434,Fe-S,4,31,2075,0.49685145187514856,120.77606959560926,POSCAR_Fe2O2_8_st975,0.989544,1.0,top5_overall
2,36958,1.0423521995544434,Fe-S,4,32,2078,0.4926988739485082,121.32462963054306,POSCAR_Fe2O2_8_z950,0.896546,1.0,top5_overall
2,36958,1.0423521995544434,Fe-S,4,33,2641,0.49007202700679653,122.9602677187785,POSCAR_Mn2O2_6_st950,0.761793,1.0,top5_overall
2,36958,1.0423521995544434,Fe-S,4,34,3115,0.48877109582583356,125.2626005448729,POSCAR_Mo2Se2_1_st975,0.975994,1.0,top5_overall
2,36958,1.0423521995544434,Fe-S,4,35,2079,0.48718982636740327,122.22962732215086,POSCAR_Fe2O2_8_z975,0.872848,1.0,top5_overall
2,36958,1.0423521995544434,Fe-S,4,36,3694,0.485513292143953,123.88786430295588,POSCAR_Ru2S2_2_st950,0.27415,1.0,top5_overall
2,36958,1.0423521995544434,Fe-S,4,37,3119,0.48401038878711833,126.04609273478646,POSCAR_Mo2Se2_1_z975,0.8931,1.0,top5_overall
2,36958,1.0423521995544434,Fe-S,4,38,2071,0.4811232233409253,123.25408570976164,POSCAR_Fe2O2_8,0.885788,1.0,top5_overall
2,36958,1.0423521995544434,Fe-S,4,39,3118,0.4770500101614945,127.09318932143,POSCAR_Mo2Se2_1_z950,0.874903,1.0,top5_overall
2,36958,1.0423521995544434,Fe-S,4,40,2642,0.47600955745748885,125.38811714015617,POSCAR_Mn2O2_6_st975,0.80736,1.0,top5_overall
2,36958,1.0423521995544434,Fe-S,4,41,723,0.47533837711537597,124.49577922123497,POSCAR_C2Fe2_3_x950,0.760905,1.0,top5_overall
2,36958,1.0423521995544434,Fe-S,4,42,2645,0.47455535625806045,124.88551066141687,POSCAR_Mn2O2_6_z950,0.82362,1.0,top5_overall
2,36958,1.0423521995544434,Fe-S,4,43,2076,0.47344978446187325,124.41684636812107,POSCAR_Fe2O2_8_z025,0.880531,1.0,top5_overall
2,36958,1.0423521995544434,Fe-S,4,44,1345,0.4711935410569221,134.44309532920573,POSCAR_Cr2S2_2_st050,0.524222,1.0,top5_overall
2,36958,1.0423521995544434,Fe-S,4,45,2646,0.4687100838607472,126.34633285868406,POSCAR_Mn2O2_6_z975,0.808567,1.0,top5_overall
2,36958,1.0423521995544434,Fe-S,4,46,2077,0.4654579090382305,125.58846530083892,POSCAR_Fe2O2_8_z050,0.846462,1.0,top5_overall
2,36958,1.0423521995544434,Fe-S,4,47,725,0.46494986585520925,126.03142470779795,POSCAR_C2Fe2_3_y050,0.956478,1.0,top5_overall
2,36958,1.0423521995544434,Fe-S,4,48,3695,0.46394459763333984,127.04103734420109,POSCAR_Ru2S2_2_st975,0.336661,1.0,top5_overall
2,36958,1.0423521995544434,Fe-S,4,49,3425,0.4626182670961849,133.95937650921408,POSCAR_O2Y2_4,0.065278,1.0,top5_overall
2,36958,1.0423521995544434,Fe-S,4,50,3225,0.46218635324923985,125.74750249723292,POSCAR_Ni2O2_5_x950,0.718918,1.0,top5_overall
3,28382,1.0422115325927734,Ni-S,4,1,1602,0.6591005902543898,138.24548888164367,POSCAR_Cu2O2_4_z950,0.493897,1.0,top5_overall
3,28382,1.0422115325927734,Ni-S,4,2,1598,0.6568103158051712,141.94691606210742,POSCAR_Cu2O2_4_st950,0.463614,1.0,top5_overall
3,28382,1.0422115325927734,Ni-S,4,3,1603,0.6528823958164981,141.76975425235776,POSCAR_Cu2O2_4_z975,0.428455,1.0,top5_overall
3,28382,1.0422115325927734,Ni-S,4,4,1599,0.6519356568804804,143.67901939965463,POSCAR_Cu2O2_4_st975,0.409867,1.0,top5_overall
3,28382,1.0422115325927734,Ni-S,4,5,1595,0.6453644143791034,145.72908279442814,POSCAR_Cu2O2_4,0.389405,1.0,top5_overall
3,28382,1.0422115325927734,Ni-S,4,6,1600,0.6392683343723987,148.7307262811023,POSCAR_Cu2O2_4_z025,0.358409,1.0,top5_overall
3,28382,1.0422115325927734,Ni-S,4,7,1596,0.6370108997057395,148.0982368170711,POSCAR_Cu2O2_4_st025,0.386808,1.0,top5_overall
3,28382,1.0422115325927734,Ni-S,4,8,1601,0.6321507787235962,151.6891702261973,POSCAR_Cu2O2_4_z050,0.373594,1.0,top5_overall
3,28382,1.0422115325927734,Ni-S,4,9,2074,0.6298600149369293,160.77456550044036,POSCAR_Fe2O2_8_st950,1.097725,1.0,top5_overall
3,28382,1.0422115325927734,Ni-S,4,10,2075,0.6283503182048599,162.91514853609206,POSCAR_Fe2O2_8_st975,0.989544,1.0,top5_overall
3,28382,1.0422115325927734,Ni-S,4,11,1597,0.6268226410056398,150.7877075185396,POSCAR_Cu2O2_4_st050,0.491667,1.0,top5_overall
3,28382,1.0422115325927734,Ni-S,4,12,2076,0.624620317355402,166.1475352061594,POSCAR_Fe2O2_8_z025,0.880531,1.0,top5_overall
3,28382,1.0422115325927734,Ni-S,4,13,2071,0.6245016966283516,165.3757697287768,POSCAR_Fe2O2_8,0.885788,1.0,top5_overall
3,28382,1.0422115325927734,Ni-S,4,14,2077,0.6242643441914467,166.91509934761882,POSCAR_Fe2O2_8_z050,0.846462,1.0,top5_overall
3,28382,1.0422115325927734,Ni-S,4,15,2079,0.620011440868801,164.93900097063027,POSCAR_Fe2O2_8_z975,0.872848,1.0,top5_overall
3,28382,1.0422115325927734,Ni-S,4,16,2078,0.618546833814266,164.34690549419824,POSCAR_Fe2O2_8_z950,0.896546,1.0,top5_overall
3,28382,1.0422115325927734,Ni-S,4,17,2072,0.6177718504157969,168.15900732060777,POSCAR_Fe2O2_8_st025,0.788144,1.0,top5_overall
3,28382,1.0422115325927734,Ni-S,4,18,2073,0.60759359645625,171.26765184756584,POSCAR_Fe2O2_8_st050,0.813401,1.0,top5_overall
3,28382,1.0422115325927734,Ni-S,4,19,2645,0.5694619629926033,177.90105245406386,POSCAR_Mn2O2_6_z950,0.82362,1.0,top5_overall
3,28382,1.0422115325927734,Ni-S,4,20,2602,0.5551037877401908,167.2183729158777,POSCAR_Mn2N2_3_z950,1.008152,1.0,top5_overall
3,28382,1.0422115325927734,Ni-S,4,21,2646,0.544993550123871,184.03110458361868,POSCAR_Mn2O2_6_z975,0.808567,1.0,top5_overall
3,28382,1.0422115325927734,Ni-S,4,22,1589,0.5423693066552833,171.507645520021,POSCAR_Cu2O2_1_st950,1.633544,1.0,top5_overall
3,28382,1.0422115325927734,Ni-S,4,23,2598,0.5415168908559218,171.31645474925713,POSCAR_Mn2N2_3_st950,1.061157,1.0,top5_overall
3,28382,1.0422115325927734,Ni-S,4,24,2603,0.5413964052631726,171.0509764113104,POSCAR_Mn2N2_3_z975,0.911785,1.0,top5_overall
3,28382,1.0422115325927734,Ni-S,4,25,1329,0.5387567478991873,174.10133624064858,POSCAR_Cr2S2_1_st950,0.902833,1.0,top5_overall
3,28382,1.0422115325927734,Ni-S,4,26,1593,0.5354393249872573,173.1608389894396,POSCAR_Cu2O2_1_z950,1.487449,1.0,top5_overall
3,28382,1.0422115325927734,Ni-S,4,27,2599,0.5351597649635698,173.05373822885798,POSCAR_Mn2N2_3_st975,0.968497,1.0,top5_overall
3,28382,1.0422115325927734,Ni-S,4,28,1590,0.5345850058461337,173.38839615207544,POSCAR_Cu2O2_1_st975,1.590435,1.0,top5_overall
3,28382,1.0422115325927734,Ni-S,4,29,1594,0.5311737840824695,174.2145720527575,POSCAR_Cu2O2_1_z975,1.514487,1.0,top5_overall
3,28382,1.0422115325927734,Ni-S,4,30,1587,0.528093222226547,174.247954330565,POSCAR_Cu2O2_1_st05,1.117122,1.0,top5_overall
3,28382,1.0422115325927734,Ni-S,4,31,2595,0.5268842111917263,175.07717975179472,POSCAR_Mn2N2_3,0.951758,1.0,top5_overall
3,28382,1.0422115325927734,Ni-S,4,32,1585,0.5259017530006442,175.52718350164,POSCAR_Cu2O2_1,1.44026,1.0,top5_overall
3,28382,1.0422115325927734,Ni-S,4,33,2641,0.5249090509918422,184.80840385414479,POSCAR_Mn2O2_6_st950,0.761793,1.0,top5_overall
3,28382,1.0422115325927734,Ni-S,4,34,1591,0.5198472044771638,177.06924648911348,POSCAR_Cu2O2_1_z025,1.346967,1.0,top5_overall
3,28382,1.0422115325927734,Ni-S,4,35,2642,0.5189420552373575,187.52303770904985,POSCAR_Mn2O2_6_st975,0.80736,1.0,top5_overall
3,28382,1.0422115325927734,Ni-S,4,36,2596,0.5176690850174201,177.35465202912542,POSCAR_Mn2N2_3_st025,0.950584,1.0,top5_overall
3,28382,1.0422115325927734,Ni-S,4,37,1586,0.5162634202662064,177.9246899427771,POSCAR_Cu2O2_1_st025,1.290077,1.0,top5_overall
3,28382,1.0422115325927734,Ni-S,4,38,1592,0.5130806110992537,178.8146371259034,POSCAR_Cu2O2_1_z050,1.235626,1.0,top5_overall
3,28382,1.0422115325927734,Ni-S,4,39,2638,0.5099720878438256,190.56882376918608,POSCAR_Mn2O2_6,0.868847,1.0,top5_overall
3,28382,1.0422115325927734,Ni-S,4,40,2600,0.5098417375722166,179.50687648291694,POSCAR_Mn2N2_3_z025,1.030581,1.0,top5_overall
3,28382,1.0422115325927734,Ni-S,4,41,1330,0.5091416864220653,180.04924256914626,POSCAR_Cr2S2_1_st975,0.82782,1.0,top5_overall
3,28382,1.0422115325927734,Ni-S,4,42,2597,0.5074590920221046,179.8868692041094,POSCAR_Mn2N2_3_st050,0.943564,1.0,top5_overall
3,28382,1.0422115325927734,Ni-S,4,43,1588,0.5056184728910905,180.58164711198958,POSCAR_Cu2O2_1_st050,1.114514,1.0,top5_overall
3,28382,1.0422115325927734,Ni-S,4,44,1337,0.5052908198681464,179.48786562349804,POSCAR_Cr2S2_1_y950,0.725002,1.0,top5_overall
3,28382,1.0422115325927734,Ni-S,4,45,2601,0.49979990239936534,182.22159433000184,POSCAR_Mn2N2_3_z050,1.077095,1.0,top5_overall
3,28382,1.0422115325927734,Ni-S,4,46,1341,0.49977614625910816,181.46053702148015,POSCAR_Cr2S2_1_z950,0.819967,1.0,top5_overall
3,28382,1.0422115325927734,Ni-S,4,47,1216,0.4997143957657165,182.87476273720247,POSCAR_Cr2O2_2_z950,1.367022,1.0,top5_overall
3,28382,1.0422115325927734,Ni-S,4,48,2639,0.4971134580788332,193.94863480183892,POSCAR_Mn2O2_6_st025,0.920812,1.0,top5_overall
3,28382,1.0422115325927734,Ni-S,4,49,1214,0.49686501237798897,182.9412665068686,POSCAR_Cr2O2_2_z025,1.117426,1.0,top5_overall
3,28382,1.0422115325927734,Ni-S,4,50,1217,0.4955813939652498,183.7375549823419,POSCAR_Cr2O2_2_z975,1.279056,1.0,top5_overall
4,27992,1.03330659866333,Co-O,4,1,1589,0.6335256492824816,119.96354038456002,POSCAR_Cu2O2_1_st950,1.633544,1.0,top5_overall
4,27992,1.03330659866333,Co-O,4,2,2602,0.6300648717332215,120.57879482740725,POSCAR_Mn2N2_3_z950,1.008152,1.0,top5_overall
4,27992,1.03330659866333,Co-O,4,3,1590,0.6263747253553478,121.66354467739411,POSCAR_Cu2O2_1_st975,1.590435,1.0,top5_overall
4,27992,1.03330659866333,Co-O,4,4,1593,0.6263086077451964,121.6929348775331,POSCAR_Cu2O2_1_z950,1.487449,1.0,top5_overall
4,27992,1.03330659866333,Co-O,4,5,1594,0.6228645340830176,122.51005270926353,POSCAR_Cu2O2_1_z975,1.514487,1.0,top5_overall
4,27992,1.03330659866333,Co-O,4,6,2598,0.6210613687533606,123.05273445917172,POSCAR_Mn2N2_3_st950,1.061157,1.0,top5_overall
4,27992,1.03330659866333,Co-O,4,7,2603,0.6188280041642754,123.45656839303122,POSCAR_Mn2N2_3_z975,0.911785,1.0,top5_overall
4,27992,1.03330659866333,Co-O,4,8,1585,0.6182482836609514,123.62126983106543,POSCAR_Cu2O2_1,1.44026,1.0,top5_overall
4,27992,1.03330659866333,Co-O,4,9,1587,0.6159914301636207,123.93745289652682,POSCAR_Cu2O2_1_st05,1.117122,1.0,top5_overall
4,27992,1.03330659866333,Co-O,4,10,2599,0.6146461891422283,124.68094866991449,POSCAR_Mn2N2_3_st975,0.968497,1.0,top5_overall
4,27992,1.03330659866333,Co-O,4,11,1591,0.6127540818409172,124.96240800847886,POSCAR_Cu2O2_1_z025,1.346967,1.0,top5_overall
4,27992,1.03330659866333,Co-O,4,12,1586,0.6090779565444278,125.8373915286464,POSCAR_Cu2O2_1_st025,1.290077,1.0,top5_overall
4,27992,1.03330659866333,Co-O,4,13,2595,0.6066554721509682,126.55076126795768,POSCAR_Mn2N2_3,0.951758,1.0,top5_overall
4,27992,1.03330659866333,Co-O,4,14,1592,0.6064359991521874,126.51249526168371,POSCAR_Cu2O2_1_z050,1.235626,1.0,top5_overall
4,27992,1.03330659866333,Co-O,4,15,2074,0.6045219497167128,133.92942095768373,POSCAR_Fe2O2_8_st950,1.097725,1.0,top5_overall
4,27992,1.03330659866333,Co-O,4,16,1588,0.5987994701112822,128.31263471565063,POSCAR_Cu2O2_1_st050,1.114514,1.0,top5_overall
4,27992,1.03330659866333,Co-O,4,17,2075,0.5980368438047414,136.26274838817204,POSCAR_Fe2O2_8_st975,0.989544,1.0,top5_overall
4,27992,1.03330659866333,Co-O,4,18,2596,0.5976433282558129,128.67428610760632,POSCAR_Mn2N2_3_st025,0.950584,1.0,top5_overall
4,27992,1.03330659866333,Co-O,4,19,2600,0.5922410543306178,130.0281153936859,POSCAR_Mn2N2_3_z025,1.030581,1.0,top5_overall
4,27992,1.03330659866333,Co-O,4,20,2078,0.5911107069908278,137.17187623633268,POSCAR_Fe2O2_8_z950,0.896546,1.0,top5_overall
4,27992,1.03330659866333,Co-O,4,21,1214,0.5895502296016492,130.61619591316324,POSCAR_Cr2O2_2_z025,1.117426,1.0,top5_overall
4,27992,1.03330659866333,Co-O,4,22,2071,0.5889000212944567,138.9155542993022,POSCAR_Fe2O2_8,0.885788,1.0,top5_overall
4,27992,1.03330659866333,Co-O,4,23,2079,0.5888217264583679,138.11155314485416,POSCAR_Fe2O2_8_z975,0.872848,1.0,top5_overall
4,27992,1.03330659866333,Co-O,4,24,1216,0.5885618539247072,131.27772561243253,POSCAR_Cr2O2_2_z950,1.367022,1.0,top5_overall
4,27992,1.03330659866333,Co-O,4,25,2597,0.5875436959915101,131.0522308487934,POSCAR_Mn2N2_3_st050,0.943564,1.0,top5_overall
4,27992,1.03330659866333,Co-O,4,26,2601,0.5853727311470052,131.72216142629733,POSCAR_Mn2N2_3_z050,1.077095,1.0,top5_overall
4,27992,1.03330659866333,Co-O,4,27,2076,0.5852231047186983,140.0084920153079,POSCAR_Fe2O2_8_z025,0.880531,1.0,top5_overall
4,27992,1.03330659866333,Co-O,4,28,1217,0.5849936770650314,132.01320482835536,POSCAR_Cr2O2_2_z975,1.279056,1.0,top5_overall
4,27992,1.03330659866333,Co-O,4,29,2077,0.5811456524930485,141.09239975860027,POSCAR_Fe2O2_8_z050,0.846462,1.0,top5_overall
4,27992,1.03330659866333,Co-O,4,30,1209,0.5804763937767784,133.00525778937478,POSCAR_Cr2O2_2,1.196253,1.0,top5_overall
4,27992,1.03330659866333,Co-O,4,31,1212,0.5793047613006176,133.4413139781354,POSCAR_Cr2O2_2_st950,1.604422,1.0,top5_overall
4,27992,1.03330659866333,Co-O,4,32,2072,0.5766057667599059,141.89040258312693,POSCAR_Fe2O2_8_st025,0.788144,1.0,top5_overall
4,27992,1.03330659866333,Co-O,4,33,1210,0.568084032031162,135.90263492898035,POSCAR_Cr2O2_2_st025,1.02415,1.0,top5_overall
4,27992,1.03330659866333,Co-O,4,34,1213,0.5665361689263385,136.41898539246722,POSCAR_Cr2O2_2_st975,1.387752,1.0,top5_overall
4,27992,1.03330659866333,Co-O,4,35,2073,0.5606482991878573,145.1900694255224,POSCAR_Fe2O2_8_st050,0.813401,1.0,top5_overall
4,27992,1.03330659866333,Co-O,4,36,2645,0.5545059047646193,146.55465008176355,POSCAR_Mn2O2_6_z950,0.82362,1.0,top5_overall
4,27992,1.03330659866333,Co-O,4,37,1211,0.5543798919866901,139.08877726999881,POSCAR_Cr2O2_2_st050,0.866297,1.0,top5_overall
4,27992,1.03330659866333,Co-O,4,38,1598,0.5523809597700512,138.7711152009031,POSCAR_Cu2O2_4_st950,0.463614,1.0,top5_overall
4,27992,1.03330659866333,Co-O,4,39,1599,0.5420139607149853,141.0464960103024,POSCAR_Cu2O2_4_st975,0.409867,1.0,top5_overall
4,27992,1.03330659866333,Co-O,4,40,1215,0.5403810627120749,142.36266420150585,POSCAR_Cr2O2_2_z050,1.041263,1.0,top5_overall
4,27992,1.03330659866333,Co-O,4,41,1602,0.5398251416222128,142.93285450690732,POSCAR_Cu2O2_4_z950,0.493897,1.0,top5_overall
4,27992,1.03330659866333,Co-O,4,42,2646,0.5388125669550337,150.57117903814253,POSCAR_Mn2O2_6_z975,0.808567,1.0,top5_overall
4,27992,1.03330659866333,Co-O,4,43,2641,0.536262807332482,149.15169057782745,POSCAR_Mn2O2_6_st950,0.761793,1.0,top5_overall
4,27992,1.03330659866333,Co-O,4,44,1603,0.5357223855986879,142.83814843913098,POSCAR_Cu2O2_4_z975,0.428455,1.0,top5_overall
4,27992,1.03330659866333,Co-O,4,45,1595,0.5300476333177183,143.63940812504887,POSCAR_Cu2O2_4,0.389405,1.0,top5_overall
4,27992,1.03330659866333,Co-O,4,46,2642,0.5269310006213842,151.91673720683352,POSCAR_Mn2O2_6_st975,0.80736,1.0,top5_overall
4,27992,1.03330659866333,Co-O,4,47,1600,0.5244752102051607,144.74244833840706,POSCAR_Cu2O2_4_z025,0.358409,1.0,top5_overall
4,27992,1.03330659866333,Co-O,4,48,1601,0.5175227233700931,146.21057217044796,POSCAR_Cu2O2_4_z050,0.373594,1.0,top5_overall
4,27992,1.03330659866333,Co-O,4,49,1596,0.5164501788481677,146.550971122358,POSCAR_Cu2O2_4_st025,0.386808,1.0,top5_overall
4,27992,1.03330659866333,Co-O,4,50,2638,0.5141483212839993,155.0123461333265,POSCAR_Mn2O2_6,0.868847,1.0,top5_overall
5,76985,1.0091817378997803,Cr-S,4,1,2602,0.6616976365847813,95.06578341873168,POSCAR_Mn2N2_3_z950,1.008152,1.0,top5_overall
5,76985,1.0091817378997803,Cr-S,4,2,1589,0.6591072483450348,96.22212523586107,POSCAR_Cu2O2_1_st950,1.633544,1.0,top5_overall
5,76985,1.0091817378997803,Cr-S,4,3,2598,0.6552353143527826,96.77789384744987,POSCAR_Mn2N2_3_st950,1.061157,1.0,top5_overall
5,76985,1.0091817378997803,Cr-S,4,4,2603,0.6513477805612224,97.43929337067135,POSCAR_Mn2N2_3_z975,0.911785,1.0,top5_overall
5,76985,1.0091817378997803,Cr-S,4,5,1590,0.6504369538727803,97.98998824666914,POSCAR_Cu2O2_1_st975,1.590435,1.0,top5_overall
5,76985,1.0091817378997803,Cr-S,4,6,2599,0.6493290757775719,98.11172605083048,POSCAR_Mn2N2_3_st975,0.968497,1.0,top5_overall
5,76985,1.0091817378997803,Cr-S,4,7,1593,0.6486235867094978,98.4540712645545,POSCAR_Cu2O2_1_z950,1.487449,1.0,top5_overall
5,76985,1.0091817378997803,Cr-S,4,8,1594,0.6454082647375023,99.06571380163948,POSCAR_Cu2O2_1_z975,1.514487,1.0,top5_overall
5,76985,1.0091817378997803,Cr-S,4,9,1585,0.6407042617139005,100.01577219940987,POSCAR_Cu2O2_1,1.44026,1.0,top5_overall
5,76985,1.0091817378997803,Cr-S,4,10,2595,0.6399302203665002,100.05317263406536,POSCAR_Mn2N2_3,0.951758,1.0,top5_overall
5,76985,1.0091817378997803,Cr-S,4,11,1591,0.6350552244586987,101.20223219909059,POSCAR_Cu2O2_1_z025,1.346967,1.0,top5_overall
5,76985,1.0091817378997803,Cr-S,4,12,1587,0.6309272470900065,101.70180129180211,POSCAR_Cu2O2_1_st05,1.117122,1.0,top5_overall
5,76985,1.0091817378997803,Cr-S,4,13,1586,0.62983981126134,102.30015516495294,POSCAR_Cu2O2_1_st025,1.290077,1.0,top5_overall
5,76985,1.0091817378997803,Cr-S,4,14,2596,0.629415635647686,102.24853928111017,POSCAR_Mn2N2_3_st025,0.950584,1.0,top5_overall
5,76985,1.0091817378997803,Cr-S,4,15,1592,0.6285063328645482,102.60708813727715,POSCAR_Cu2O2_1_z050,1.235626,1.0,top5_overall
5,76985,1.0091817378997803,Cr-S,4,16,2600,0.6241892010439707,103.43816140809435,POSCAR_Mn2N2_3_z025,1.030581,1.0,top5_overall
5,76985,1.0091817378997803,Cr-S,4,17,2601,0.6192733139549351,104.51487495029372,POSCAR_Mn2N2_3_z050,1.077095,1.0,top5_overall
5,76985,1.0091817378997803,Cr-S,4,18,1588,0.6177793079249666,104.84386447660297,POSCAR_Cu2O2_1_st050,1.114514,1.0,top5_overall
5,76985,1.0091817378997803,Cr-S,4,19,2597,0.6177171425559234,104.69853596561177,POSCAR_Mn2N2_3_st050,0.943564,1.0,top5_overall
5,76985,1.0091817378997803,Cr-S,4,20,1214,0.6050526550133605,107.7329343733497,POSCAR_Cr2O2_2_z025,1.117426,1.0,top5_overall
5,76985,1.0091817378997803,Cr-S,4,21,1216,0.6019971972129124,109.13559952098339,POSCAR_Cr2O2_2_z950,1.367022,1.0,top5_overall
5,76985,1.0091817378997803,Cr-S,4,22,1217,0.5981807335301227,109.74228120982565,POSCAR_Cr2O2_2_z975,1.279056,1.0,top5_overall
5,76985,1.0091817378997803,Cr-S,4,23,1209,0.59334961313374,110.61037597200112,POSCAR_Cr2O2_2,1.196253,1.0,top5_overall
5,76985,1.0091817378997803,Cr-S,4,24,1212,0.588112025308094,112.06156744196264,POSCAR_Cr2O2_2_st950,1.604422,1.0,top5_overall
5,76985,1.0091817378997803,Cr-S,4,25,1210,0.5789098935991954,113.57920254246302,POSCAR_Cr2O2_2_st025,1.02415,1.0,top5_overall
5,76985,1.0091817378997803,Cr-S,4,26,2074,0.5746519211174199,115.15929880640105,POSCAR_Fe2O2_8_st950,1.097725,1.0,top5_overall
5,76985,1.0091817378997803,Cr-S,4,27,1213,0.5730358922346481,115.14087897136807,POSCAR_Cr2O2_2_st975,1.387752,1.0,top5_overall
5,76985,1.0091817378997803,Cr-S,4,28,1211,0.5630764344721634,116.83695755683722,POSCAR_Cr2O2_2_st050,0.866297,1.0,top5_overall
5,76985,1.0091817378997803,Cr-S,4,29,2075,0.5620810043141611,117.78799706239819,POSCAR_Fe2O2_8_st975,0.989544,1.0,top5_overall
5,76985,1.0091817378997803,Cr-S,4,30,2078,0.5519804531053892,119.15332858623644,POSCAR_Fe2O2_8_z950,0.896546,1.0,top5_overall
5,76985,1.0091817378997803,Cr-S,4,31,1598,0.5496493570561988,118.05117741880133,POSCAR_Cu2O2_4_st950,0.463614,1.0,top5_overall
5,76985,1.0091817378997803,Cr-S,4,32,2079,0.5481831458035471,120.02807240084879,POSCAR_Fe2O2_8_z975,0.872848,1.0,top5_overall
5,76985,1.0091817378997803,Cr-S,4,33,2071,0.5464648338596502,120.73685675062906,POSCAR_Fe2O2_8,0.885788,1.0,top5_overall
5,76985,1.0091817378997803,Cr-S,4,34,1215,0.5434592460344569,120.99769470725711,POSCAR_Cr2O2_2_z050,1.041263,1.0,top5_overall
5,76985,1.0091817378997803,Cr-S,4,35,2076,0.5417613980216428,121.70012465507173,POSCAR_Fe2O2_8_z025,0.880531,1.0,top5_overall
5,76985,1.0091817378997803,Cr-S,4,36,2077,0.536616421416306,122.6794397030882,POSCAR_Fe2O2_8_z050,0.846462,1.0,top5_overall
5,76985,1.0091817378997803,Cr-S,4,37,1599,0.5355621298486501,120.73327838897589,POSCAR_Cu2O2_4_st975,0.409867,1.0,top5_overall
5,76985,1.0091817378997803,Cr-S,4,38,2641,0.5277633977795054,124.88097649083952,POSCAR_Mn2O2_6_st950,0.761793,1.0,top5_overall
5,76985,1.0091817378997803,Cr-S,4,39,2072,0.5273405066241003,124.00845927502586,POSCAR_Fe2O2_8_st025,0.788144,1.0,top5_overall
5,76985,1.0091817378997803,Cr-S,4,40,1602,0.5228937402877041,126.37114283557241,POSCAR_Cu2O2_4_z950,0.493897,1.0,top5_overall
5,76985,1.0091817378997803,Cr-S,4,41,1603,0.5222585104439433,124.48356523530022,POSCAR_Cu2O2_4_z975,0.428455,1.0,top5_overall
5,76985,1.0091817378997803,Cr-S,4,42,2645,0.5209772819800744,125.72374911511781,POSCAR_Mn2O2_6_z950,0.82362,1.0,top5_overall
5,76985,1.0091817378997803,Cr-S,4,43,1595,0.5197788569182379,123.73331767534592,POSCAR_Cu2O2_4,0.389405,1.0,top5_overall
5,76985,1.0091817378997803,Cr-S,4,44,1600,0.5150203078744376,124.09002383965459,POSCAR_Cu2O2_4_z025,0.358409,1.0,top5_overall
5,76985,1.0091817378997803,Cr-S,4,45,2642,0.5124622714042942,127.86090706772181,POSCAR_Mn2O2_6_st975,0.80736,1.0,top5_overall
5,76985,1.0091817378997803,Cr-S,4,46,2646,0.5106383060401178,128.23041078387928,POSCAR_Mn2O2_6_z975,0.808567,1.0,top5_overall
5,76985,1.0091817378997803,Cr-S,4,47,1601,0.5081621448246341,125.04102360193595,POSCAR_Cu2O2_4_z050,0.373594,1.0,top5_overall
5,76985,1.0091817378997803,Cr-S,4,48,2073,0.504275418249979,127.60559833333056,POSCAR_Fe2O2_8_st050,0.813401,1.0,top5_overall
5,76985,1.0091817378997803,Cr-S,4,49,1596,0.5022920793651647,127.05242529091987,POSCAR_Cu2O2_4_st025,0.386808,1.0,top5_overall
5,76985,1.0091817378997803,Cr-S,4,50,723,0.4984532807124883,128.1921040421856,POSCAR_C2Fe2_3_x950,0.760905,1.0,top5_overall
