cohort,feature,seed,r2_log,r2_eV,n_tr,n_par,frac_am
am,_none_,11,0.5839137702996972,0.5686048598647904,2272.8,195.2,1.0
am,_none_,22,0.563819111060234,0.5410308105038752,2272.8,195.2,1.0
am,_none_,33,0.5873833131839599,0.567433328936831,2272.8,195.2,1.0
am,_none_,44,0.6226182717111917,0.6109088091299021,2272.8,195.2,1.0
am,_none_,55,0.5811343163444174,0.5629322420855971,2272.8,195.2,1.0
am,_none_,66,0.6048920214643678,0.5906758753640149,2272.8,195.2,1.0
am,_none_,77,0.6009900725445245,0.5782055042865909,2272.8,195.2,1.0
am,_none_,88,0.577498280954849,0.5547052627771264,2272.8,195.2,1.0
am,_none_,99,0.5652897377862098,0.5409241048451285,2272.8,195.2,1.0
am,_none_,111,0.6129541022022978,0.592792054249287,2272.8,195.2,1.0
am,_none_,123,0.5928221469174371,0.5684816549811627,2272.8,195.2,1.0
am,_none_,234,0.5311927346619468,0.5111940675789651,2272.8,195.2,1.0
am,_none_,345,0.5630973679416554,0.5342108114600302,2272.8,195.2,1.0
am,_none_,456,0.592521926445349,0.5742494130874813,2272.8,195.2,1.0
am,_none_,567,0.5700654726840757,0.548041031101778,2272.8,195.2,1.0
am,_none_,678,0.5618833312117355,0.5419690096092353,2272.8,195.2,1.0
am,_none_,789,0.6092965358957414,0.597373565380109,2272.8,195.2,1.0
am,_none_,890,0.5554436284620958,0.5292136854598218,2272.8,195.2,1.0
am,_none_,901,0.598664790528614,0.5870458063064758,2272.8,195.2,1.0
am,_none_,1012,0.5604465297042127,0.5446116197848191,2272.8,195.2,1.0
am,p_metric,11,0.5664184040646538,0.5491447312386211,2272.8,195.2,1.0
am,p_metric,22,0.5470986201290311,0.5228275475154784,2272.8,195.2,1.0
am,p_metric,33,0.5717133952011799,0.547526491259207,2272.8,195.2,1.0
am,p_metric,44,0.602306369797581,0.5878501970865944,2272.8,195.2,1.0
am,p_metric,55,0.5744173136374615,0.5555490816777939,2272.8,195.2,1.0
am,p_metric,66,0.5742322188695445,0.5556152581132394,2272.8,195.2,1.0
am,p_metric,77,0.5882380641543252,0.5635390418487269,2272.8,195.2,1.0
am,p_metric,88,0.5429354407719367,0.5176213053328829,2272.8,195.2,1.0
am,p_metric,99,0.547917805608896,0.5161213893076422,2272.8,195.2,1.0
am,p_metric,111,0.6007453026826963,0.5788993382645204,2272.8,195.2,1.0
am,p_metric,123,0.5700716545925028,0.5455136222875306,2272.8,195.2,1.0
am,p_metric,234,0.521357603864629,0.49963927486746473,2272.8,195.2,1.0
am,p_metric,345,0.5482332400870356,0.5185227301462787,2272.8,195.2,1.0
am,p_metric,456,0.5782909836099301,0.5573506846754941,2272.8,195.2,1.0
am,p_metric,567,0.5608085156732472,0.5388548528037542,2272.8,195.2,1.0
am,p_metric,678,0.5562784350897507,0.5362126763215544,2272.8,195.2,1.0
am,p_metric,789,0.5919834620648766,0.5771682379707115,2272.8,195.2,1.0
am,p_metric,890,0.5427001810315162,0.5176846218661892,2272.8,195.2,1.0
am,p_metric,901,0.5867148460045699,0.5759774544108702,2272.8,195.2,1.0
am,p_metric,1012,0.5479722015316311,0.5291395195255265,2272.8,195.2,1.0
full,_none_,11,0.5763049400797388,0.5587778905165888,3076.0,257.6,0.7389073901046898
full,_none_,22,0.5758325533498062,0.546911758192061,3076.0,257.6,0.7389188780676573
full,_none_,33,0.5850838523014497,0.5611110510364676,3076.0,257.6,0.7388955023041139
full,_none_,44,0.6286129737139606,0.6092696438751568,3076.0,257.6,0.7389621869763634
full,_none_,55,0.5947831752365235,0.5752107069298661,3076.0,257.6,0.7388117622513629
full,_none_,66,0.5990900302593591,0.5727842051476897,3076.0,257.6,0.7388378407178455
full,_none_,77,0.6009381782647667,0.5753073217805065,3076.0,257.6,0.7390157695006756
full,_none_,88,0.5809389122552667,0.557546953208157,3076.0,257.6,0.738683110894015
full,_none_,99,0.5653656228902028,0.5346630617971924,3076.0,257.6,0.7387698727466921
full,_none_,111,0.6051374436373561,0.5845783432736527,3076.0,257.6,0.7388824665578556
full,_none_,123,0.5625772277576295,0.5348533944729754,3076.0,257.6,0.7389316089638986
full,_none_,234,0.5537534080057571,0.5281691406034494,3076.0,257.6,0.7387493553365782
full,_none_,345,0.5630254598729512,0.5294091012218706,3076.0,257.6,0.7386658134470323
full,_none_,456,0.596809130561484,0.5740585618834019,3076.0,257.6,0.7389562862850638
full,_none_,567,0.5895473945858257,0.563765775808688,3076.0,257.6,0.7388389045810327
full,_none_,678,0.5725677753447485,0.5492245568838614,3076.0,257.6,0.7389084588070409
full,_none_,789,0.6189245794905391,0.6001125390059022,3076.0,257.6,0.7390938109039233
full,_none_,890,0.5405825368755011,0.5130581973530585,3076.0,257.6,0.7389072844481646
full,_none_,901,0.6066978563808917,0.5862791662517085,3076.0,257.6,0.7389180551615034
full,_none_,1012,0.6042919298056473,0.5848772936061071,3076.0,257.6,0.738820497313345
full,p_metric,11,0.4880653715895996,0.47020779779555755,3076.0,257.6,0.7389073901046898
full,p_metric,22,0.5056141673758248,0.4859725561356302,3076.0,257.6,0.7389188780676573
full,p_metric,33,0.472603024229747,0.45305590937928997,3076.0,257.6,0.7388955023041139
full,p_metric,44,0.5289305871696419,0.5153183733685855,3076.0,257.6,0.7389621869763634
full,p_metric,55,0.5057516258193369,0.4944263302573112,3076.0,257.6,0.7388117622513629
full,p_metric,66,0.5171902800685049,0.4928727582711314,3076.0,257.6,0.7388378407178455
full,p_metric,77,0.47964197367189676,0.46746852623195556,3076.0,257.6,0.7390157695006756
full,p_metric,88,0.4843468499870919,0.46220595742347415,3076.0,257.6,0.738683110894015
full,p_metric,99,0.45722337790931655,0.43503322569345704,3076.0,257.6,0.7387698727466921
full,p_metric,111,0.5034839715111574,0.49071352741169727,3076.0,257.6,0.7388824665578556
full,p_metric,123,0.4676114854549013,0.4464254821904575,3076.0,257.6,0.7389316089638986
full,p_metric,234,0.46859173620538364,0.4481560751489978,3076.0,257.6,0.7387493553365782
full,p_metric,345,0.47733130038950977,0.4440092426450797,3076.0,257.6,0.7386658134470323
full,p_metric,456,0.5232131007259915,0.5159648989903227,3076.0,257.6,0.7389562862850638
full,p_metric,567,0.48937377167918605,0.47322185379336235,3076.0,257.6,0.7388389045810327
full,p_metric,678,0.4608904279184505,0.4454195128041193,3076.0,257.6,0.7389084588070409
full,p_metric,789,0.5306247877363508,0.5202607395688605,3076.0,257.6,0.7390938109039233
full,p_metric,890,0.46192781785857573,0.4470104243766191,3076.0,257.6,0.7389072844481646
full,p_metric,901,0.5306454928139567,0.5187167719053314,3076.0,257.6,0.7389180551615034
full,p_metric,1012,0.5321432644101145,0.5181445883085423,3076.0,257.6,0.738820497313345
sub_parent,_none_,11,0.5373499976745311,0.5129258836243729,2272.2,191.6,0.7442922944706863
sub_parent,_none_,22,0.508602923810028,0.4807162277535141,2271.4,191.4,0.7442788440784216
sub_parent,_none_,33,0.48646258740817927,0.458224039779743,2273.8,190.6,0.7220703279762876
sub_parent,_none_,44,0.5793164556163064,0.5545248845026847,2274.6,189.6,0.7428214273856814
sub_parent,_none_,55,0.532984007451201,0.5058936106411178,2271.0,189.6,0.7432448510140253
sub_parent,_none_,66,0.5268234933811414,0.49172846319311847,2272.6,189.8,0.7317345947963487
sub_parent,_none_,77,0.5488420923987649,0.5154519696107039,2273.0,190.6,0.7402538362964002
sub_parent,_none_,88,0.5204980988116586,0.48974061805961266,2273.8,191.4,0.7421255879194548
sub_parent,_none_,99,0.5297408881692883,0.4906898765975857,2272.2,189.2,0.7313896440236277
sub_parent,_none_,111,0.5467184314275622,0.5188310709382737,2276.2,191.6,0.7183728995613132
sub_parent,_none_,123,0.5150585096330401,0.4879406657695855,2273.6,190.2,0.7426241773860959
sub_parent,_none_,234,0.5114243826742932,0.4840596266496713,2274.2,192.8,0.7306312943332097
sub_parent,_none_,345,0.5439638562544993,0.508671969686307,2272.2,189.8,0.7420114235574364
sub_parent,_none_,456,0.5314581782813054,0.510268346019124,2273.8,192.2,0.7409404745384618
sub_parent,_none_,567,0.5299670943392147,0.487781128011603,2273.4,189.0,0.7563663583726716
sub_parent,_none_,678,0.5102102997384562,0.48017906074537964,2272.4,187.8,0.739098967757562
sub_parent,_none_,789,0.5784753889735217,0.5648893293444439,2271.2,190.0,0.7500062863504213
sub_parent,_none_,890,0.4426014401676468,0.4184239910827666,2273.2,190.2,0.7280432598569206
sub_parent,_none_,901,0.5318071140578233,0.5074888421495891,2272.4,190.4,0.7385164003931639
sub_parent,_none_,1012,0.5234717732945029,0.4977440238436903,2273.0,190.8,0.7339156237553074
sub_parent,p_metric,11,0.40333244653328115,0.3931273130734132,2272.2,191.6,0.7442922944706863
sub_parent,p_metric,22,0.41624530229667556,0.3934613566168871,2271.4,191.4,0.7442788440784216
sub_parent,p_metric,33,0.3891025693651837,0.36910817476785085,2273.8,190.6,0.7220703279762876
sub_parent,p_metric,44,0.4875196237896835,0.4695509033894929,2274.6,189.6,0.7428214273856814
sub_parent,p_metric,55,0.4615122831145052,0.4440540507135088,2271.0,189.6,0.7432448510140253
sub_parent,p_metric,66,0.4386549129139763,0.40722162921293836,2272.6,189.8,0.7317345947963487
sub_parent,p_metric,77,0.45749982626016594,0.43010300431041515,2273.0,190.6,0.7402538362964002
sub_parent,p_metric,88,0.42851805836241197,0.4057203927948647,2273.8,191.4,0.7421255879194548
sub_parent,p_metric,99,0.39834570048388707,0.3684290642679354,2272.2,189.2,0.7313896440236277
sub_parent,p_metric,111,0.44794290576445783,0.43185282356319443,2276.2,191.6,0.7183728995613132
sub_parent,p_metric,123,0.3726866243385012,0.3551846656319215,2273.6,190.2,0.7426241773860959
sub_parent,p_metric,234,0.43642723442371756,0.41511814757579735,2274.2,192.8,0.7306312943332097
sub_parent,p_metric,345,0.43320151887389813,0.4017090956933722,2272.2,189.8,0.7420114235574364
sub_parent,p_metric,456,0.42037335261219444,0.4042634707254159,2273.8,192.2,0.7409404745384618
sub_parent,p_metric,567,0.4178331292527523,0.39479705878167226,2273.4,189.0,0.7563663583726716
sub_parent,p_metric,678,0.40066009660798496,0.38527907848153764,2272.4,187.8,0.739098967757562
sub_parent,p_metric,789,0.49001794157086676,0.4822343777070809,2271.2,190.0,0.7500062863504213
sub_parent,p_metric,890,0.3734510951733202,0.35148158197661616,2273.2,190.2,0.7280432598569206
sub_parent,p_metric,901,0.41091719787317493,0.3970121402103268,2272.4,190.4,0.7385164003931639
sub_parent,p_metric,1012,0.43678582456813386,0.42315475754376586,2273.0,190.8,0.7339156237553074
sub_row,_none_,11,0.5830303098522462,0.5658170541619252,2272.8,254.0,0.735214943903895
sub_row,_none_,22,0.5714524644001149,0.5471116103525187,2272.8,254.0,0.741806808129197
sub_row,_none_,33,0.5686563576696733,0.5452383425267762,2272.8,254.8,0.7408555744717332
sub_row,_none_,44,0.6189063444631859,0.6050113052980847,2272.8,254.2,0.7384662857181647
sub_row,_none_,55,0.6022860534579182,0.5825966920371053,2272.8,254.2,0.7429473368554803
sub_row,_none_,66,0.6038476901788783,0.5788637652197424,2272.8,253.4,0.7380787765800517
sub_row,_none_,77,0.6043266157626803,0.5797634762995694,2272.8,254.2,0.7391397919027858
sub_row,_none_,88,0.5785567143905168,0.5568281260519486,2272.8,253.6,0.736970072463274
sub_row,_none_,99,0.5539390727934039,0.5227873641182621,2272.8,254.8,0.7421475502327765
sub_row,_none_,111,0.6081441224878085,0.5876782046496792,2272.8,254.6,0.7419138822990984
sub_row,_none_,123,0.550920442395722,0.5241566341653212,2272.8,254.2,0.7406521864500037
sub_row,_none_,234,0.5475300680754487,0.5204435383498377,2272.8,254.6,0.7387919336217099
sub_row,_none_,345,0.5525521478114654,0.520957753173277,2272.8,254.6,0.7403397183285966
sub_row,_none_,456,0.5795164090877785,0.556634586392108,2272.8,255.6,0.738384436563811
sub_row,_none_,567,0.5935939446612476,0.5669742393737626,2272.8,255.4,0.7433747436743012
sub_row,_none_,678,0.5647461077272267,0.5377257732004184,2272.8,255.0,0.7395868204120222
sub_row,_none_,789,0.6235315341323995,0.6096220484694108,2272.8,254.2,0.7400325813771321
sub_row,_none_,890,0.5568055771343368,0.5268677109645956,2272.8,254.2,0.7370634864694413
sub_row,_none_,901,0.6102288302825722,0.5930668097369431,2272.8,253.2,0.7387600076439138
sub_row,_none_,1012,0.600061477287376,0.5812695484616364,2272.8,253.0,0.7374388496456157
sub_row,p_metric,11,0.5074776799217006,0.4901566342264202,2272.8,254.0,0.735214943903895
sub_row,p_metric,22,0.5016591280833718,0.486216033446477,2272.8,254.0,0.741806808129197
sub_row,p_metric,33,0.45976026648171797,0.4373882865642411,2272.8,254.8,0.7408555744717332
sub_row,p_metric,44,0.5315779807035786,0.5200647675361386,2272.8,254.2,0.7384662857181647
sub_row,p_metric,55,0.49825546882615923,0.4854300340796306,2272.8,254.2,0.7429473368554803
sub_row,p_metric,66,0.5201025615682832,0.49684532525307346,2272.8,253.4,0.7380787765800517
sub_row,p_metric,77,0.4855671490061414,0.47049868756079405,2272.8,254.2,0.7391397919027858
sub_row,p_metric,88,0.4898374697943134,0.4714877405901826,2272.8,253.6,0.736970072463274
sub_row,p_metric,99,0.45781173563759137,0.43526402351749494,2272.8,254.8,0.7421475502327765
sub_row,p_metric,111,0.5216502404024147,0.5086386253205499,2272.8,254.6,0.7419138822990984
sub_row,p_metric,123,0.4460302872665002,0.4237972900497974,2272.8,254.2,0.7406521864500037
sub_row,p_metric,234,0.46507400452193404,0.44559739699066225,2272.8,254.6,0.7387919336217099
sub_row,p_metric,345,0.46710078008789435,0.4379421841013875,2272.8,254.6,0.7403397183285966
sub_row,p_metric,456,0.5091846256974253,0.49699202551048327,2272.8,255.6,0.738384436563811
sub_row,p_metric,567,0.49860551702207623,0.48161579524022113,2272.8,255.4,0.7433747436743012
sub_row,p_metric,678,0.4652707290222484,0.44609048785975713,2272.8,255.0,0.7395868204120222
sub_row,p_metric,789,0.5336295617356133,0.5248805208404791,2272.8,254.2,0.7400325813771321
sub_row,p_metric,890,0.43983931422959854,0.4272826394263165,2272.8,254.2,0.7370634864694413
sub_row,p_metric,901,0.5103232571097167,0.4961387125422466,2272.8,253.2,0.7387600076439138
sub_row,p_metric,1012,0.5326259079599673,0.5192253799998727,2272.8,253.0,0.7374388496456157
