name,dir,status,ef,nelect,nkpts,nbands,n_pairs,n_kpts_used,sse_max,sse_p99,sse_p95,sse_p90,sse_p50,sse_mean_w,sse_kmax_mean_w,sse_max_over_p95,sse_max_win_both,sse_max_win_either,band,k_id,kx,ky,kz,e_up,e_dn,k_weight_at_max,eigenval,outcar
NiS|base,/scratch/e1398a04/Altermagnetism/NiS_conv/base,ok,6.8703,32,1460,32,3414,1457,0.8706569999999996,0.743423,0.6172249999999995,0.4947309999999998,0.14418500000000023,0.19657659972351202,0.23623625090642028,1.4105990522094864,0.8706569999999996,0.8706569999999996,16,609,-0.3333333,0.3333333,0.2222222,6.281528,5.410871,0.0006858711,EIGENVAL,OUTCAR
NiS|k133,/scratch/e1398a04/Altermagnetism/NiS_conv/k133,ok,6.8703,32,3460,32,8013,3457,0.8962560000000002,0.7503729999999997,0.610004,0.5128920000000008,0.13536400000000004,0.19170344850925686,0.23021718847898326,1.4692624966393666,0.8962560000000002,0.8962560000000002,16,1651,-0.3333333,0.3333333,0.25,6.280191,5.383935,0.0002893519,EIGENVAL,OUTCAR
NiS|k150,/scratch/e1398a04/Altermagnetism/NiS_conv/k150,ok,6.8085,32,5104,32,12228,5101,0.8740749999999995,0.7604870000000004,0.6105110000000007,0.5022089999999997,0.12731599999999954,0.19201653406771643,0.2324102496171203,1.4317104851509612,0.8740749999999995,0.8740749999999995,16,3048,0.3333333,-0.3333333,0.2857143,5.37478,6.248855,0.0001959632,EIGENVAL,OUTCAR
NiS|k200,/scratch/e1398a04/Altermagnetism/NiS_conv/k200,ok,6.8703,32,11668,32,27078,11645,0.8961990000000002,0.739871,0.614141,0.5029250000000003,0.13619100000000017,0.1959258181028349,0.23530084202389562,1.4592723820751263,0.8961990000000002,0.8961990000000002,16,6711,0.3333333,-0.3333333,0.2777778,5.36257,6.258769,8.573388e-05,EIGENVAL,OUTCAR
NiS|enc600,/scratch/e1398a04/Altermagnetism/NiS_conv/enc600,ok,6.8701,32,1460,32,3414,1457,0.87066,0.743417,0.61721,0.4947360000000005,0.14418000000000042,0.19657603613248892,0.23623671344937533,1.4106381944556956,0.87066,0.87066,16,609,-0.3333333,0.3333333,0.2222222,6.281176,5.410516,0.0006858711,EIGENVAL,OUTCAR
NiS|enc625,/scratch/e1398a04/Altermagnetism/NiS_conv/enc625,ok,6.87,32,1460,32,3414,1457,0.870647,0.7434080000000005,0.6172110000000002,0.4947500000000007,0.14417999999999953,0.1965754022759533,0.23623469764181512,1.4106148464625545,0.870647,0.870647,16,609,-0.3333333,0.3333333,0.2222222,6.281022,5.410375,0.0006858711,EIGENVAL,OUTCAR
NiS|enc700,/scratch/e1398a04/Altermagnetism/NiS_conv/enc700,ok,6.8698,32,1460,32,3414,1457,0.8706549999999993,0.7434260000000004,0.6171980000000001,0.494726,0.14418600000000037,0.1965725042269571,0.23623055296827472,1.4106575199530769,0.8706549999999993,0.8706549999999993,16,609,-0.3333333,0.3333333,0.2222222,6.280847,5.410192,0.0006858711,EIGENVAL,OUTCAR
NiS|sig0005,/scratch/e1398a04/Altermagnetism/NiS_conv/sig0005,ok,6.8703,32,1460,32,3414,1457,0.8706569999999996,0.743423,0.6172249999999995,0.4947309999999998,0.14418500000000023,0.19657659972351202,0.23623625090642028,1.4105990522094864,0.8706569999999996,0.8706569999999996,16,609,-0.3333333,0.3333333,0.2222222,6.281528,5.410871,0.0006858711,EIGENVAL,OUTCAR
NiS|sig002,/scratch/e1398a04/Altermagnetism/NiS_conv/sig002,ok,6.8703,32,1460,32,3414,1457,0.8706569999999996,0.743423,0.6172249999999995,0.4947309999999998,0.14418500000000023,0.19657659972351202,0.23623625090642028,1.4105990522094864,0.8706569999999996,0.8706569999999996,16,609,-0.3333333,0.3333333,0.2222222,6.281528,5.410871,0.0006858711,EIGENVAL,OUTCAR
NiS|sig005,/scratch/e1398a04/Altermagnetism/NiS_conv/sig005,ok,6.9787,32,1460,32,3168,1451,0.8706569999999996,0.7435130000000001,0.6309070000000006,0.4965060000000001,0.14798500000000026,0.19958684305454596,0.23462173641709494,1.380008464004994,0.8706569999999996,0.8706569999999996,16,609,-0.3333333,0.3333333,0.2222222,6.281528,5.410871,0.0006858711,EIGENVAL,OUTCAR
NiS|tetra,/scratch/e1398a04/Altermagnetism/NiS_conv/tetra,ok,6.8548,32,1460,32,3462,1457,0.8706569999999996,0.743423,0.6170459999999993,0.4940509999999998,0.14418500000000023,0.1960117631005752,0.2362374192913003,1.4110082554623165,0.8706569999999996,0.8706569999999996,16,609,-0.3333333,0.3333333,0.2222222,6.281528,5.410871,0.0006858711,EIGENVAL,OUTCAR
NiS|ediff1e7,/scratch/e1398a04/Altermagnetism/NiS_conv/ediff1e7,ok,6.8703,32,1460,32,3414,1457,0.870692,0.7434479999999999,0.617286,0.49478000000000044,0.14419000000000004,0.19658361424603057,0.23624216499576858,1.4105163570856944,0.870692,0.870692,16,609,-0.3333333,0.3333333,0.2222222,6.281536,5.410844,0.0006858711,EIGENVAL,OUTCAR
NiS|ediff1e8,/scratch/e1398a04/Altermagnetism/NiS_conv/ediff1e8,ok,6.8703,32,1460,32,3414,1457,0.8707029999999998,0.7434539999999998,0.6173070000000003,0.49479700000000015,0.1441909999999993,0.19658583340401864,0.2362439505627788,1.4104861924455732,0.8707029999999998,0.8707029999999998,16,609,-0.3333333,0.3333333,0.2222222,6.281537,5.410834,0.0006858711,EIGENVAL,OUTCAR
FeS|base,/scratch/e1398a04/Altermagnetism/FeS_conv/base,ok,6.1791,28,1446,48,2259,1446,1.3265519999999995,1.1419519999999999,0.8683550000000002,0.7185630000000005,0.21286000000000005,0.2977115192258358,0.39112203421807207,1.5276609220883155,1.3265519999999995,1.3265519999999995,14,1217,2.385131e-17,-0.2941176,0.4,5.856851,4.530299,0.0006920415,EIGENVAL,OUTCAR
FeS|k133,/scratch/e1398a04/Altermagnetism/FeS_conv/k133,ok,6.1924,28,3439,48,5280,3439,1.3531400000000007,1.181698,0.9118729999999999,0.7239310000000003,0.20982199999999995,0.30155192481841314,0.39628124562075295,1.483912781714121,1.3531400000000007,1.3531400000000007,14,2773,1.899121e-17,-0.2608696,0.3846154,5.990948,4.637808,0.0002908245,EIGENVAL,OUTCAR
FeS|k150,/scratch/e1398a04/Altermagnetism/FeS_conv/k150,ok,6.2117,28,5072,48,7620,5072,1.3287080000000007,1.1502160000000003,0.8767500000000004,0.7126169999999998,0.21533800000000003,0.3024550023154473,0.38997478522656953,1.5154924436840607,1.3287080000000007,1.3287080000000007,14,4215,2.139331e-17,-0.2692308,0.4,5.928162,4.599454,0.0001972387,EIGENVAL,OUTCAR
FeS|enc600,/scratch/e1398a04/Altermagnetism/FeS_conv/enc600,ok,6.1788,28,1446,48,2257,1446,1.3289710000000001,1.1449119999999997,0.8678920000000003,0.7199389999999992,0.2127270000000001,0.29767765633252047,0.3912301435606264,1.5312631064694682,1.3289710000000001,1.3289710000000001,14,1217,2.385131e-17,-0.2941176,0.4,5.856171,4.5272,0.0006920415,EIGENVAL,OUTCAR
FeS|enc625,/scratch/e1398a04/Altermagnetism/FeS_conv/enc625,ok,6.1788,28,1446,48,2257,1446,1.3267600000000002,1.1428000000000003,0.8679750000000004,0.7189649999999999,0.21297999999999995,0.2975528916919064,0.3909423200312367,1.5285693712376505,1.3267600000000002,1.3267600000000002,14,1217,2.385131e-17,-0.2941176,0.4,5.854628,4.527868,0.0006920415,EIGENVAL,OUTCAR
FeS|enc700,/scratch/e1398a04/Altermagnetism/FeS_conv/enc700,ok,6.1785,28,1446,48,2257,1446,1.3275109999999994,1.1434880000000005,0.8680440000000003,0.7190950000000003,0.21308600000000055,0.2976176629873689,0.39106031657101953,1.529313030215057,1.3275109999999994,1.3275109999999994,14,1217,2.385131e-17,-0.2941176,0.4,5.854602,4.527091,0.0006920415,EIGENVAL,OUTCAR
FeS|sig0005,/scratch/e1398a04/Altermagnetism/FeS_conv/sig0005,ok,6.1791,28,1446,48,2259,1446,1.3270870000000006,1.1423170000000002,0.8684419999999999,0.7189870000000003,0.21262800000000048,0.2977351151921411,0.39119524010040985,1.5281239276773817,1.3270870000000006,1.3270870000000006,14,1217,2.385131e-17,-0.2941176,0.4,5.857528,4.530441,0.0006920415,EIGENVAL,OUTCAR
FeS|sig002,/scratch/e1398a04/Altermagnetism/FeS_conv/sig002,ok,6.3234,28,1446,48,1940,1446,1.3263620000000005,1.158518,0.9025600000000003,0.7452839999999998,0.23075199999999985,0.3127103818784348,0.38043537920185455,1.4695554866158484,1.3263620000000005,1.3263620000000005,14,1217,2.385131e-17,-0.2941176,0.4,5.856352,4.52999,0.0006920415,EIGENVAL,OUTCAR
FeS|sig005,/scratch/e1398a04/Altermagnetism/FeS_conv/sig005,ok,6.3211,28,1446,48,1944,1446,1.3555020000000004,1.1833270000000002,0.9151099999999994,0.764869,0.2255950000000002,0.31606981014074054,0.38664727089662504,1.4812448776649816,1.3555020000000004,1.3555020000000004,14,1217,2.385131e-17,-0.2941176,0.4,5.877205,4.521703,0.0006920415,EIGENVAL,OUTCAR
FeS|tetra,/scratch/e1398a04/Altermagnetism/FeS_conv/tetra,ok,6.1797,28,1446,48,2260,1446,1.3176569999999996,1.134684,0.8644930000000004,0.7128830000000006,0.21552100000000074,0.2971710382692894,0.3899522812770471,1.5241962630119608,1.3176569999999996,1.3176569999999996,14,1217,2.385131e-17,-0.2941176,0.4,5.849029,4.531372,0.0006920415,EIGENVAL,OUTCAR
FeS|ediff1e7,/scratch/e1398a04/Altermagnetism/FeS_conv/ediff1e7,ok,6.1769,28,1446,48,2256,1446,1.355239,1.1684849999999996,0.8884419999999995,0.7289879999999993,0.20580599999999993,0.29929885058712785,0.39551445048053846,1.5254107752672665,1.355239,1.355239,14,1217,2.385131e-17,-0.2941176,0.4,5.877541,4.522302,0.0006920415,EIGENVAL,OUTCAR
FeS|ediff1e8,/scratch/e1398a04/Altermagnetism/FeS_conv/ediff1e8,ok,6.1768,28,1446,48,2257,1446,1.3551680000000008,1.1692540000000005,0.8878749999999993,0.7286960000000002,0.20549200000000045,0.2993780030491448,0.39581280307560934,1.5263049415739849,1.3551680000000008,1.3551680000000008,14,1217,2.385131e-17,-0.2941176,0.4,5.877538,4.52237,0.0006920415,EIGENVAL,OUTCAR
CoS|base,/scratch/e1398a04/Altermagnetism/CoS_conv/base,ok,6.7014,30,1460,32,4741,1460,1.082421,0.8214110000000003,0.5599699999999999,0.45616700000000066,0.08088800000000074,0.15641809346961394,0.2343475069055326,1.932998196331947,1.082421,1.082421,14,597,0.0,0.3333333,0.2222222,5.214143,6.296564,0.0006858711,EIGENVAL,OUTCAR
CoS|enc600,/scratch/e1398a04/Altermagnetism/CoS_conv/enc600,ok,6.7012,30,1460,32,4739,1460,1.0820470000000002,0.8216909999999995,0.5596290000000002,0.45577299999999976,0.08295799999999964,0.15660032230389775,0.23461678948445336,1.9335077345884504,1.0820470000000002,1.0820470000000002,14,705,0.0,-0.3333333,0.2222222,6.295702,5.213655,0.0006858711,EIGENVAL,OUTCAR
CoS|enc625,/scratch/e1398a04/Altermagnetism/CoS_conv/enc625,ok,6.7011,30,1460,32,4739,1460,1.0820719999999993,0.8217169999999996,0.5596540000000001,0.4558,0.0829329999999997,0.15660748064339416,0.23462081657636075,1.9334660343712349,1.0820719999999993,1.0820719999999993,14,705,0.0,-0.3333333,0.2222222,6.295551,5.213479,0.0006858711,EIGENVAL,OUTCAR
CoS|enc700,/scratch/e1398a04/Altermagnetism/CoS_conv/enc700,ok,6.701,30,1460,32,4739,1460,1.0821930000000002,0.8217679999999996,0.5596909999999999,0.45583500000000043,0.08293799999999951,0.15662812709950855,0.2346368985379541,1.9335544076999636,1.0821930000000002,1.0821930000000002,14,705,0.0,-0.3333333,0.2222222,6.29547,5.213277,0.0006858711,EIGENVAL,OUTCAR
CoS|sig0005,/scratch/e1398a04/Altermagnetism/CoS_conv/sig0005,ok,6.7013,30,1460,32,4739,1460,1.0820469999999993,0.821542,0.5596329999999998,0.45576300000000014,0.08250299999999999,0.15656486027790711,0.2345628388671587,1.9334939147619952,1.0820469999999993,1.0820469999999993,14,597,0.0,0.3333333,0.2222222,5.214101,6.296148,0.0006858711,EIGENVAL,OUTCAR
CoS|sig002,/scratch/e1398a04/Altermagnetism/CoS_conv/sig002,ok,6.807,30,1460,32,4358,1460,1.0824170000000004,0.8239260000000002,0.5979710000000003,0.47040400000000027,0.09013200000000055,0.16302053064460462,0.23432794689181016,1.8101496560870007,1.0824170000000004,1.0824170000000004,14,597,0.0,0.3333333,0.2222222,5.214174,6.296591,0.0006858711,EIGENVAL,OUTCAR
CoS|sig005,/scratch/e1398a04/Altermagnetism/CoS_conv/sig005,ok,6.9202,30,1460,32,4166,1460,1.0824110000000005,0.8436960000000004,0.5995150000000002,0.47474300000000014,0.09203000000000028,0.16666208007055985,0.23425541019769483,1.8054777611902955,1.0824110000000005,1.0824110000000005,14,597,0.0,0.3333333,0.2222222,5.214199,6.29661,0.0006858711,EIGENVAL,OUTCAR
CoS|tetra,/scratch/e1398a04/Altermagnetism/CoS_conv/tetra,ok,6.7014,30,1460,32,4740,1460,1.082414,0.8212649999999995,0.5600360000000002,0.4558459999999993,0.08074899999999996,0.15645022666075736,0.23434167288630892,1.9327578941353762,1.082414,1.082414,14,597,0.0,0.3333333,0.2222222,5.214184,6.296598,0.0006858711,EIGENVAL,OUTCAR
CoS|ediff1e7,/scratch/e1398a04/Altermagnetism/CoS_conv/ediff1e7,ok,6.7014,30,1460,32,4740,1460,1.0824030000000002,0.8213429999999997,0.560047,0.4558970000000002,0.08073599999999992,0.15644332350308798,0.23432609641170052,1.9327002912255584,1.0824030000000002,1.0824030000000002,14,597,0.0,0.3333333,0.2222222,5.214208,6.296611,0.0006858711,EIGENVAL,OUTCAR
CoS|ediff1e8,/scratch/e1398a04/Altermagnetism/CoS_conv/ediff1e8,ok,6.7014,30,1460,32,4740,1460,1.0824030000000002,0.8213429999999997,0.560047,0.4558970000000002,0.08073599999999992,0.15644332624889024,0.23432609675463614,1.9327002912255584,1.0824030000000002,1.0824030000000002,14,597,0.0,0.3333333,0.2222222,5.214208,6.296611,0.0006858711,EIGENVAL,OUTCAR
FeAs|base,/scratch/e1398a04/Altermagnetism/FeAs_conv/base,ok,5.4896,26,436,48,777,429,1.402332,1.3482950000000002,1.0430740000000003,0.8046039999999999,0.08854400000000062,0.2818186873034984,0.37116508891027455,1.3444223516260587,1.402332,1.402332,13,215,-0.3333333,-0.08333333,0.1666667,3.610479,5.012811,0.002314815,EIGENVAL,OUTCAR
FeAs|k133,/scratch/e1398a04/Altermagnetism/FeAs_conv/k133,ok,5.4929,26,1028,48,1833,1022,1.5092030000000003,1.3176549999999998,1.0520119999999995,0.8261640000000003,0.17985600000000002,0.30080386878039506,0.38364803051581775,1.4345872480542057,1.5092030000000003,1.5092030000000003,13,639,-0.25,-0.0625,0.25,3.969296,5.478499,0.0009765625,EIGENVAL,OUTCAR
FeAs|k150,/scratch/e1398a04/Altermagnetism/FeAs_conv/k150,ok,5.4961,26,1460,48,2608,1446,1.5386230000000003,1.3647790000000004,1.036225,0.865084,0.20685200000000048,0.31312133226549577,0.40380050922106575,1.484834857294507,1.5386230000000003,1.5386230000000003,13,710,0.2777778,-0.3333333,0.2222222,3.845318,5.383941,0.0006858711,EIGENVAL,OUTCAR
FeAs|k200,/scratch/e1398a04/Altermagnetism/FeAs_conv/k200,ok,5.5014,26,3460,48,6168,3428,1.548461,1.3625770000000004,1.0576239999999997,0.82891,0.20559800000000017,0.3144478428504618,0.4047686650702038,1.4640940447644915,1.548461,1.548461,13,1805,0.08333333,-0.375,0.25,5.277367,3.728906,0.0002893519,EIGENVAL,OUTCAR
FeAs|enc600,/scratch/e1398a04/Altermagnetism/FeAs_conv/enc600,ok,5.4891,26,436,48,777,429,1.4027129999999999,1.3486350000000003,1.0429840000000001,0.8052200000000003,0.08855799999999991,0.28178703034519326,0.371175234449763,1.3449036610341096,1.4027129999999999,1.4027129999999999,13,215,-0.3333333,-0.08333333,0.1666667,3.609767,5.01248,0.002314815,EIGENVAL,OUTCAR
FeAs|enc625,/scratch/e1398a04/Altermagnetism/FeAs_conv/enc625,ok,5.4888,26,436,48,777,429,1.4028460000000003,1.3487560000000003,1.0429180000000002,0.8054639999999997,0.08855000000000057,0.28177232354897425,0.3711743471256638,1.3451162986927063,1.4028460000000003,1.4028460000000003,13,215,-0.3333333,-0.08333333,0.1666667,3.609451,5.012297,0.002314815,EIGENVAL,OUTCAR
FeAs|enc700,/scratch/e1398a04/Altermagnetism/FeAs_conv/enc700,ok,5.4887,26,436,48,777,429,1.4029760000000002,1.348881,1.0430030000000001,0.8056209999999995,0.08849099999999988,0.28176185494038636,0.3711805184871456,1.3451313179348479,1.4029760000000002,1.4029760000000002,13,215,-0.3333333,-0.08333333,0.1666667,3.609359,5.012335,0.002314815,EIGENVAL,OUTCAR
FeAs|sig0005,/scratch/e1398a04/Altermagnetism/FeAs_conv/sig0005,ok,5.4884,26,436,48,781,429,1.4025859999999999,1.348957,1.0426609999999998,0.8041520000000002,0.08800000000000008,0.28091430642785703,0.37141345393600167,1.3451984873319325,1.4025859999999999,1.4025859999999999,13,215,-0.3333333,-0.08333333,0.1666667,3.610598,5.013184,0.002314815,EIGENVAL,OUTCAR
FeAs|sig002,/scratch/e1398a04/Altermagnetism/FeAs_conv/sig002,ok,5.4916,26,436,48,769,428,1.405405,1.3493620000000002,1.0418379999999994,0.7870280000000003,0.09423599999999999,0.2836043707346021,0.3716376667337787,1.3489669219206832,1.405405,1.405405,13,215,-0.3333333,-0.08333333,0.1666667,3.606249,5.011654,0.002314815,EIGENVAL,OUTCAR
FeAs|sig005,/scratch/e1398a04/Altermagnetism/FeAs_conv/sig005,ok,5.4928,26,436,48,761,427,1.4085490000000003,1.3538790000000005,1.0402829999999996,0.7823770000000003,0.09892199999999995,0.2837838954631394,0.3702733416310463,1.3540055927089079,1.4085490000000003,1.4085490000000003,13,215,-0.3333333,-0.08333333,0.1666667,3.601519,5.010068,0.002314815,EIGENVAL,OUTCAR
FeAs|tetra,/scratch/e1398a04/Altermagnetism/FeAs_conv/tetra,ok,5.5239,26,436,48,712,421,1.398475,1.3560149999999997,1.0691220000000001,0.8109649999999995,0.06945699999999988,0.282419923667669,0.35638398184176845,1.3080593234448452,1.398475,1.398475,13,130,-0.4166667,0.3333333,0.1666667,5.007046,3.608571,0.002314815,EIGENVAL,OUTCAR
FeAs|ediff1e7,/scratch/e1398a04/Altermagnetism/FeAs_conv/ediff1e7,ok,5.4896,26,436,48,777,429,1.4025410000000003,1.3485049999999998,1.0430920000000001,0.8050129999999998,0.08784999999999998,0.2816776517048002,0.3710067684885857,1.344599517588094,1.4025410000000003,1.4025410000000003,13,215,-0.3333333,-0.08333333,0.1666667,3.610431,5.012972,0.002314815,EIGENVAL,OUTCAR
FeAs|ediff1e8,/scratch/e1398a04/Altermagnetism/FeAs_conv/ediff1e8,ok,5.4897,26,436,48,777,429,1.402524,1.3486220000000002,1.043062,0.8050219999999997,0.08771600000000035,0.28163632613836787,0.37095166520250233,1.344621892083117,1.402524,1.402524,13,215,-0.3333333,-0.08333333,0.1666667,3.610426,5.01295,0.002314815,EIGENVAL,OUTCAR
CoO_sp|base,/scratch/e1398a04/Altermagnetism/CoO_sp_conv/base,ok,7.3862,30,364,32,996,364,0.9735250000000004,0.9234610000000005,0.7001270000000002,0.5591850000000003,0.18533699999999964,0.2417366817640608,0.3966727056264185,1.390497723984363,0.9735250000000004,0.9735250000000004,15,271,-2.735084e-17,-0.2727273,0.3333333,6.148058,7.121583,0.002754821,EIGENVAL,OUTCAR
CoO_sp|k133,/scratch/e1398a04/Altermagnetism/CoO_sp_conv/k133,ok,7.424,30,901,32,2391,901,0.9835329999999995,0.930841,0.7122789999999997,0.5714999999999995,0.18449199999999966,0.24631970255851782,0.40141414769836053,1.3808254911347941,0.9835329999999995,0.9835329999999995,15,729,-3.855059e-17,-0.2666667,0.375,6.158431,7.141964,0.001111111,EIGENVAL,OUTCAR
CoO_sp|k150,/scratch/e1398a04/Altermagnetism/CoO_sp_conv/k150,ok,7.4664,30,1301,32,3370,1301,1.0003659999999996,0.9254550000000004,0.709848,0.5698449999999999,0.19309300000000018,0.24827620035619574,0.3993812529796276,1.4092678996066759,1.0003659999999996,1.0003659999999996,15,1233,-0.05882353,-0.2941176,0.4444444,6.199118,7.199484,0.000768935,EIGENVAL,OUTCAR
CoO_sp|k200,/scratch/e1398a04/Altermagnetism/CoO_sp_conv/k200,ok,7.4744,30,2908,32,7473,2908,1.026306,0.9234939999999998,0.7151209999999999,0.5747049999999998,0.18704300000000007,0.24937108059762347,0.3994349881198484,1.4351501354316263,1.026306,1.026306,15,2554,-0.04545455,-0.2727273,0.4166667,6.160213,7.186519,0.0003443526,EIGENVAL,OUTCAR
CoO_sp|enc600,/scratch/e1398a04/Altermagnetism/CoO_sp_conv/enc600,ok,7.3846,30,364,32,996,364,0.9735940000000003,0.9233849999999997,0.7000099999999998,0.5590859999999997,0.18533800000000067,0.24174117673387863,0.3966865582435059,1.3908287024471087,0.9735940000000003,0.9735940000000003,15,271,-2.735084e-17,-0.2727273,0.3333333,6.14664,7.120234,0.002754821,EIGENVAL,OUTCAR
CoO_sp|enc625,/scratch/e1398a04/Altermagnetism/CoO_sp_conv/enc625,ok,7.3845,30,364,32,996,364,0.9734049999999996,0.923279,0.7000500000000001,0.5589889999999995,0.18529799999999952,0.24174153287070002,0.39667754171456565,1.3904792514820363,0.9734049999999996,0.9734049999999996,15,271,-2.735084e-17,-0.2727273,0.3333333,6.146116,7.119521,0.002754821,EIGENVAL,OUTCAR
CoO_sp|enc700,/scratch/e1398a04/Altermagnetism/CoO_sp_conv/enc700,ok,7.3846,30,364,32,996,364,0.9733470000000004,0.9230130000000001,0.6996890000000002,0.559043,0.18525100000000005,0.24170712743809022,0.3966391353784553,1.3911137662590094,0.9733470000000004,0.9733470000000004,15,271,-2.735084e-17,-0.2727273,0.3333333,6.14488,7.118227,0.002754821,EIGENVAL,OUTCAR
CoO_sp|sig0005,/scratch/e1398a04/Altermagnetism/CoO_sp_conv/sig0005,ok,7.3863,30,364,32,996,364,0.9735379999999996,0.9235119999999997,0.7000700000000002,0.559158,0.18533800000000067,0.24172189152265092,0.39665684199013873,1.3906295084777227,0.9735379999999996,0.9735379999999996,15,271,-2.735084e-17,-0.2727273,0.3333333,6.148042,7.12158,0.002754821,EIGENVAL,OUTCAR
CoO_sp|sig002,/scratch/e1398a04/Altermagnetism/CoO_sp_conv/sig002,ok,7.5369,30,364,32,895,364,0.9736609999999999,0.9279639999999993,0.708507,0.56717,0.18896999999999942,0.24558073927911298,0.3834033653927172,1.3742433031713164,0.9736609999999999,0.9736609999999999,15,271,-2.735084e-17,-0.2727273,0.3333333,6.147893,7.121554,0.002754821,EIGENVAL,OUTCAR
CoO_sp|sig005,/scratch/e1398a04/Altermagnetism/CoO_sp_conv/sig005,ok,7.5369,30,364,32,895,364,0.9734910000000001,0.9278930000000001,0.708285,0.5673759999999994,0.18900500000000076,0.24556882606530755,0.3833690251724476,1.3744340202037315,0.9734910000000001,0.9734910000000001,15,271,-2.735084e-17,-0.2727273,0.3333333,6.148041,7.121532,0.002754821,EIGENVAL,OUTCAR
CoO_sp|tetra,/scratch/e1398a04/Altermagnetism/CoO_sp_conv/tetra,ok,7.3862,30,364,32,996,364,0.9734110000000005,0.9235009999999999,0.7003200000000005,0.5591560000000007,0.18533299999999997,0.24174131053666326,0.3966646133398258,1.3899517363490972,0.9734110000000005,0.9734110000000005,15,271,-2.735084e-17,-0.2727273,0.3333333,6.148083,7.121494,0.002754821,EIGENVAL,OUTCAR
CoO_sp|ediff1e7,/scratch/e1398a04/Altermagnetism/CoO_sp_conv/ediff1e7,ok,7.3863,30,364,32,996,364,0.9736919999999998,0.9236109999999993,0.6998299999999995,0.5592130000000006,0.1852830000000001,0.24173830600950147,0.39671151829855905,1.3913264649986432,0.9736919999999998,0.9736919999999998,15,271,-2.735084e-17,-0.2727273,0.3333333,6.147837,7.121529,0.002754821,EIGENVAL,OUTCAR
CoO_sp|ediff1e8,/scratch/e1398a04/Altermagnetism/CoO_sp_conv/ediff1e8,ok,7.3863,30,364,32,996,364,0.9736580000000004,0.9236089999999999,0.6999089999999999,0.5592030000000001,0.18529199999999957,0.2417413970557751,0.3967087538357325,1.391120845709943,0.9736580000000004,0.9736580000000004,15,271,-2.735084e-17,-0.2727273,0.3333333,6.147862,7.12152,0.002754821,EIGENVAL,OUTCAR
lowBFe|base,/scratch/e1398a04/Altermagnetism/lowBFe_conv/base,ok,5.9349,22,788,16,1558,788,0.0030039999999997846,0.0024199999999998667,0.0020020000000000593,0.001740000000000741,0.0007479999999997489,0.0008581723138032503,0.0012072155613821038,1.5004995004993484,0.0030039999999997846,0.0030039999999997846,11,696,0.5,6.257781e-17,0.5,5.31673,5.313726,0.0006377551,EIGENVAL,OUTCAR
lowBFe|k133,/scratch/e1398a04/Altermagnetism/lowBFe_conv/k133,ok,5.9371,22,1986,16,3928,1986,0.00355900000000009,0.003253999999999202,0.0026450000000002305,0.0022619999999999862,0.0010399999999997078,0.0011511944479781163,0.0016180138504139972,1.3455576559545481,0.00355900000000009,0.00355900000000009,11,1478,0.2105263,-0.4210526,0.3636364,5.027781,5.03134,0.0005036515,EIGENVAL,OUTCAR
lowBFe|k150,/scratch/e1398a04/Altermagnetism/lowBFe_conv/k150,ok,5.8991,22,2647,16,5256,2647,0.005658000000000385,0.00478299999999976,0.0037609999999999033,0.0032809999999994233,0.0015739999999997423,0.0017098738696646916,0.0023955967499634284,1.5043871310823,0.005658000000000385,0.005658000000000385,11,1822,0.1904762,-0.3809524,0.3333333,4.927168,4.932826,0.0003779289,EIGENVAL,OUTCAR
lowBFe|enc600,/scratch/e1398a04/Altermagnetism/lowBFe_conv/enc600,ok,5.9435,22,788,16,1550,788,0.0029060000000002972,0.0024160000000001958,0.00186300000000017,0.00153499999999962,0.0005670000000002062,0.0007190758757222644,0.00099665561251638,1.5598497047772582,0.0029060000000002972,0.0029060000000002972,11,493,-5.676746e-20,1.533149e-17,0.375,5.088818,5.091724,0.00127551,EIGENVAL,OUTCAR
lowBFe|enc625,/scratch/e1398a04/Altermagnetism/lowBFe_conv/enc625,ok,5.9336,22,788,16,1557,788,0.0028759999999996566,0.0025120000000002918,0.0018710000000004001,0.0015049999999998676,0.0005449999999997956,0.0006999935424123786,0.0009647933677506793,1.5371459112768795,0.0028759999999996566,0.0028759999999996566,11,691,0.1428571,-1.136112e-17,0.5,5.590783,5.593659,0.00127551,EIGENVAL,OUTCAR
lowBFe|enc700,/scratch/e1398a04/Altermagnetism/lowBFe_conv/enc700,ok,5.9451,22,788,16,1548,788,0.0034090000000004395,0.0025490000000001345,0.0021209999999998175,0.0018710000000004001,0.0007980000000005205,0.000921432792335206,0.0012845261480256638,1.6072607260729528,0.0034090000000004395,0.0034090000000004395,11,696,0.5,6.257781e-17,0.5,5.31517,5.311761,0.0006377551,EIGENVAL,OUTCAR
lowBFe|sig0005,/scratch/e1398a04/Altermagnetism/lowBFe_conv/sig0005,ok,5.9453,22,788,16,1550,788,0.0028249999999996334,0.0023359999999996717,0.0019400000000002748,0.0016950000000006682,0.0007159999999997169,0.0008323109599668921,0.0011569426021240461,1.456185567009914,0.0028249999999996334,0.0028249999999996334,11,696,0.5,6.257781e-17,0.5,5.318763,5.315938,0.0006377551,EIGENVAL,OUTCAR
lowBFe|sig002,/scratch/e1398a04/Altermagnetism/lowBFe_conv/sig002,ok,5.9225,22,788,16,1557,788,0.004830000000000112,0.0043720000000000425,0.003365999999999758,0.0028719999999999857,0.0013259999999997163,0.0014860936389448868,0.002085045280618088,1.434937611408336,0.004830000000000112,0.004830000000000112,11,426,0.2142857,-0.3571429,0.25,5.067196,5.072026,0.00127551,EIGENVAL,OUTCAR
lowBFe|sig005,/scratch/e1398a04/Altermagnetism/lowBFe_conv/sig005,ok,5.9174,22,788,16,1551,788,0.006401000000000323,0.005704999999999849,0.004093000000000124,0.003486999999999796,0.001668000000000447,0.0018334745542147109,0.002578181122511799,1.5638895675543925,0.006401000000000323,0.006401000000000323,11,426,0.2142857,-0.3571429,0.25,5.05743,5.063831,0.00127551,EIGENVAL,OUTCAR
lowBFe|tetra,/scratch/e1398a04/Altermagnetism/lowBFe_conv/tetra,ok,5.8697,22,788,16,1546,788,0.0049760000000000915,0.004302000000000028,0.00339799999999979,0.002834000000000003,0.0013310000000004152,0.0014873242278330946,0.002102029336992659,1.4643908181284282,0.0049760000000000915,0.0049760000000000915,11,412,0.2142857,-0.4285714,0.25,4.65199,4.656966,0.00127551,EIGENVAL,OUTCAR
lowBFe|ediff1e7,/scratch/e1398a04/Altermagnetism/lowBFe_conv/ediff1e7,ok,5.9031,22,788,16,1562,788,0.018021000000000065,0.01546000000000003,0.011210999999999416,0.009646000000000043,0.004423999999999317,0.004928156743570445,0.007023881378075233,1.607439122290697,0.018021000000000065,0.018021000000000065,11,621,0.1428571,-0.3571429,0.375,4.991686,5.009707,0.00127551,EIGENVAL,OUTCAR
lowBFe|ediff1e8,/scratch/e1398a04/Altermagnetism/lowBFe_conv/ediff1e8,ok,5.9269,22,788,16,1562,788,0.003510000000000346,0.0024380000000006063,0.0017300000000002314,0.0013800000000001589,0.0006149999999998101,0.0007101850664080119,0.0009550746177229654,2.0289017341039752,0.003510000000000346,0.003510000000000346,11,1,0.0,0.0,0.0,4.862184,4.865694,0.0006377551,EIGENVAL,OUTCAR
lowAgF|base,/scratch/e1398a04/Altermagnetism/lowAgF_conv/base,ok,-1.1074,64,260,48,2378,260,0.00333400000000017,0.001379000000000019,0.0006390000000000562,0.00048499999999984666,0.00015499999999990521,0.00023217189166134617,0.0007205703124999992,5.217527386541279,0.00333400000000017,0.00333400000000017,32,170,-0.125,-4.251028e-17,0.375,-1.131185,-1.127851,0.00390625,EIGENVAL,OUTCAR
lowAgF|k133,/scratch/e1398a04/Altermagnetism/lowAgF_conv/k133,ok,-1.1833,64,666,48,6609,666,0.02608699999999997,0.007430000000000048,0.004668999999999812,0.0036649999999998073,0.001802999999999999,0.0021293216503298785,0.005175565740498676,5.587277789676809,0.02608699999999997,0.02608699999999997,33,592,0.1818182,0.3636364,0.4545455,-1.225336,-1.199249,0.00150263,EIGENVAL,OUTCAR
lowAgF|k150,/scratch/e1398a04/Altermagnetism/lowAgF_conv/k150,ok,-1.1258,64,868,48,8118,868,0.0005619999999999514,0.0001849999999998797,8.099999999999774e-05,5.6000000000056005e-05,1.6000000000016e-05,2.6626159616748084e-05,8.558969932453461e-05,6.938271604937865,0.0005619999999999514,0.0005619999999999514,31,795,-3.489243e-17,-3.331808e-17,0.5,-1.146292,-1.146854,0.0005787037,EIGENVAL,OUTCAR
lowAgF|k200,/scratch/e1398a04/Altermagnetism/lowAgF_conv/k200,ok,-1.1447,64,2052,48,19540,2052,0.007071999999999967,0.0022199999999998887,0.0012379999999998503,0.0009609999999999896,0.0004459999999997244,0.0005478069923615639,0.0013800539550781349,5.712439418417466,0.007071999999999967,0.007071999999999967,32,755,-8.120445e-18,0.4375,0.1875,-1.241631,-1.248703,0.0004882812,EIGENVAL,OUTCAR
lowAgF|enc600,/scratch/e1398a04/Altermagnetism/lowAgF_conv/enc600,ok,-1.1092,64,260,48,2378,260,0.0032520000000000326,0.0013419999999999543,0.0006219999999999004,0.00047200000000025,0.0001500000000000945,0.00022595372147579795,0.0007017851562500128,5.228295819936581,0.0032520000000000326,0.0032520000000000326,32,170,-0.125,-4.251028e-17,0.375,-1.132965,-1.129713,0.00390625,EIGENVAL,OUTCAR
lowAgF|enc625,/scratch/e1398a04/Altermagnetism/lowAgF_conv/enc625,ok,-1.1103,64,260,48,2377,260,0.00324599999999986,0.0013360000000000039,0.0006200000000000649,0.00046999999999997044,0.0001500000000000945,0.00022511457222103152,0.0006990742187500173,5.235483870966968,0.00324599999999986,0.00324599999999986,32,170,-0.125,-4.251028e-17,0.375,-1.134008,-1.130762,0.00390625,EIGENVAL,OUTCAR
lowAgF|enc700,/scratch/e1398a04/Altermagnetism/lowAgF_conv/enc700,ok,-1.1119,64,260,48,2376,260,0.0032330000000000414,0.0013300000000000534,0.0006159999999999499,0.000468000000000135,0.00014899999999995472,0.00022387705442902743,0.0006954355468749844,5.248376623377117,0.0032330000000000414,0.0032330000000000414,32,170,-0.125,-4.251028e-17,0.375,-1.135697,-1.132464,0.00390625,EIGENVAL,OUTCAR
lowAgF|sig0005,/scratch/e1398a04/Altermagnetism/lowAgF_conv/sig0005,ok,-1.1076,64,260,48,2379,260,0.003916999999999948,0.0021579999999998822,0.0010209999999999386,0.0007120000000000459,0.00026499999999973767,0.0003678153911745906,0.001174794921874992,3.8364348677768696,0.003916999999999948,0.003916999999999948,32,170,-0.125,-4.251028e-17,0.375,-1.131023,-1.127106,0.00390625,EIGENVAL,OUTCAR
lowAgF|sig002,/scratch/e1398a04/Altermagnetism/lowAgF_conv/sig002,ok,-1.1071,64,260,48,2371,260,0.0023850000000000815,0.0007030000000001202,0.00038999999999989043,0.0002780000000002225,7.100000000015427e-05,0.00011661441402908548,0.0003602636718749966,6.115384615386542,0.0023850000000000815,0.0023850000000000815,31,227,-1.484931e-17,-1.250102e-16,0.5,-1.141615,-1.13923,0.001953125,EIGENVAL,OUTCAR
lowAgF|sig005,/scratch/e1398a04/Altermagnetism/lowAgF_conv/sig005,ok,-1.1116,64,260,48,2375,260,0.0009870000000000712,0.0004819999999998714,0.0002829999999998112,0.0001870000000003813,4.000000000026205e-05,7.53475570727566e-05,0.00023926367187500613,3.4876325088365006,0.0009870000000000712,0.0009870000000000712,32,113,-0.25,0.125,0.25,-1.278838,-1.279825,0.00390625,EIGENVAL,OUTCAR
lowAgF|tetra,/scratch/e1398a04/Altermagnetism/lowAgF_conv/tetra,ok,-1.1313,64,260,48,2431,260,0.0014540000000000664,0.0004629999999998802,0.00030799999999997496,0.00020599999999992846,4.399999999993298e-05,8.235557872783845e-05,0.00024914843750000566,4.72077922077982,0.0014540000000000664,0.0014540000000000664,31,5,0.5,6.444864e-18,-8.375167e-19,-1.168749,-1.167295,0.001953125,EIGENVAL,OUTCAR
lowAgF|ediff1e7,/scratch/e1398a04/Altermagnetism/lowAgF_conv/ediff1e7,ok,-1.1078,64,260,48,2379,260,0.008087000000000177,0.00336599999999998,0.0015659999999999563,0.0011739999999997863,0.0003769999999998497,0.0005659121722447221,0.0017605625000000126,5.164112388250577,0.008087000000000177,0.008087000000000177,32,170,-0.125,-4.251028e-17,0.375,-1.133925,-1.125838,0.00390625,EIGENVAL,OUTCAR
lowAgF|ediff1e8,/scratch/e1398a04/Altermagnetism/lowAgF_conv/ediff1e8,ok,-1.1081,64,260,48,2378,260,0.014615000000000045,0.005168000000000061,0.002577999999999747,0.0019660000000001343,0.0005579999999998364,0.0008793157782515992,0.002763175781249985,5.669123351435794,0.014615000000000045,0.014615000000000045,32,170,-0.125,-4.251028e-17,0.375,-1.137299,-1.122684,0.00390625,EIGENVAL,OUTCAR
sparseCrPb|base,/scratch/e1398a04/Altermagnetism/sparseCrPb_conv/base,ok,5.1884,206,86,128,1040,86,0.014423999999999992,0.009974999999999845,0.007289000000000101,0.005806999999999896,0.002281999999999673,0.0028196599371124787,0.007252833347338007,1.9788722732884885,0.014423999999999992,0.014423999999999992,103,78,0.2857143,0.3333333,0.5,5.157373,5.171797,0.01190476,EIGENVAL,OUTCAR
sparseCrPb|k133,/scratch/e1398a04/Altermagnetism/sparseCrPb_conv/k133,ok,5.1884,206,181,128,2182,181,0.015736999999999668,0.009712999999999639,0.006695999999999813,0.00556499999999982,0.0022329999999999295,0.0026827544951592056,0.0068658083333333455,2.3502090800478057,0.015736999999999668,0.015736999999999668,102,162,-0.2222222,-0.375,0.4,5.028123,5.04386,0.005555556,EIGENVAL,OUTCAR
sparseCrPb|k150,/scratch/e1398a04/Altermagnetism/sparseCrPb_conv/k150,ok,5.1924,206,298,128,3580,298,0.01580600000000043,0.009687000000000445,0.006775999999999893,0.005652999999999686,0.0022759999999997227,0.0027473558035524385,0.006814370374668997,2.332644628099274,0.01580600000000043,0.01580600000000043,103,280,0.2727273,0.3333333,0.5,5.141665,5.157471,0.003367003,EIGENVAL,OUTCAR
sparseCrPb|enc600,/scratch/e1398a04/Altermagnetism/sparseCrPb_conv/enc600,ok,5.1883,206,86,128,1040,86,0.014418000000000042,0.009997000000000256,0.0072950000000000514,0.005803000000000225,0.002268000000000381,0.0028168605285157017,0.007253886918763367,1.9764222069910815,0.014418000000000042,0.014418000000000042,103,78,0.2857143,0.3333333,0.5,5.157291,5.171709,0.01190476,EIGENVAL,OUTCAR
sparseCrPb|enc625,/scratch/e1398a04/Altermagnetism/sparseCrPb_conv/enc625,ok,5.1882,206,86,128,1040,86,0.014421000000000461,0.00998499999999991,0.007297000000000331,0.005794999999999995,0.0022730000000001915,0.002819103012522931,0.007252583347387019,1.9762916266958759,0.014421000000000461,0.014421000000000461,103,78,0.2857143,0.3333333,0.5,5.157194,5.171615,0.01190476,EIGENVAL,OUTCAR
sparseCrPb|enc700,/scratch/e1398a04/Altermagnetism/sparseCrPb_conv/enc700,ok,5.1882,206,86,128,1040,86,0.014416999999999902,0.009958999999999829,0.007273999999999781,0.0057989999999996655,0.002291000000000043,0.0028208753141561187,0.007254202394953547,1.98199065163601,0.014416999999999902,0.014416999999999902,103,78,0.2857143,0.3333333,0.5,5.157219,5.171636,0.01190476,EIGENVAL,OUTCAR
sparseCrPb|sig0005,/scratch/e1398a04/Altermagnetism/sparseCrPb_conv/sig0005,ok,5.1886,206,86,128,1042,86,0.014348999999999279,0.009951999999999295,0.007306999999999952,0.005783000000000094,0.0022760000000001668,0.002817125928363142,0.007261815490336186,1.9637334063226184,0.014348999999999279,0.014348999999999279,103,78,0.2857143,0.3333333,0.5,5.157428,5.171777,0.01190476,EIGENVAL,OUTCAR
sparseCrPb|sig002,/scratch/e1398a04/Altermagnetism/sparseCrPb_conv/sig002,ok,5.1877,206,86,128,1036,86,0.013501000000000651,0.009666000000000174,0.007372000000000156,0.005753999999999593,0.0022519999999999207,0.002816182498980533,0.007133696443055693,1.8313890396093822,0.013501000000000651,0.013501000000000651,104,69,-4.280168e-18,0.1666667,0.5,5.070434,5.083935,0.01190476,EIGENVAL,OUTCAR
sparseCrPb|sig005,/scratch/e1398a04/Altermagnetism/sparseCrPb_conv/sig005,ok,5.1882,206,86,128,1022,86,0.01363200000000031,0.009631999999999863,0.007382000000000222,0.0057229999999997005,0.0022570000000001755,0.002805691581197155,0.007126636919432371,1.8466540232999054,0.01363200000000031,0.01363200000000031,104,69,-4.280168e-18,0.1666667,0.5,5.070581,5.084213,0.01190476,EIGENVAL,OUTCAR
sparseCrPb|tetra,/scratch/e1398a04/Altermagnetism/sparseCrPb_conv/tetra,ok,5.1935,206,86,128,1009,86,0.01391700000000018,0.009821999999999775,0.007272999999999641,0.005870000000000708,0.0023020000000002483,0.002826174206621758,0.007163071443301123,1.9135157431597507,0.01391700000000018,0.01391700000000018,104,69,-4.280168e-18,0.1666667,0.5,5.070104,5.084021,0.01190476,EIGENVAL,OUTCAR
sparseCrPb|ediff1e7,/scratch/e1398a04/Altermagnetism/sparseCrPb_conv/ediff1e7,ok,5.1884,206,86,128,1040,86,0.01441600000000065,0.01000100000000037,0.007290000000000241,0.005805999999999756,0.002266999999999797,0.0028154292815861957,0.007252857156863778,1.977503429355305,0.01441600000000065,0.01441600000000065,103,78,0.2857143,0.3333333,0.5,5.157385,5.171801,0.01190476,EIGENVAL,OUTCAR
sparseCrPb|ediff1e8,/scratch/e1398a04/Altermagnetism/sparseCrPb_conv/ediff1e8,ok,5.1884,206,86,128,1040,86,0.014415999999999762,0.010002000000000066,0.007289000000000101,0.005806999999999896,0.002266999999999797,0.002815145397897363,0.007252666680676019,1.9777747290437047,0.014415999999999762,0.014415999999999762,103,78,0.2857143,0.3333333,0.5,5.157384,5.1718,0.01190476,EIGENVAL,OUTCAR
CrS|base,/scratch/e1398a04/Altermagnetism/CrS_conv/base,ok,2.5025,36,506,32,2880,506,0.443042,0.345522,0.28179200000000004,0.23094799999999993,0.08803099999999997,0.10598727684797543,0.20249488095238347,1.5722305814217576,0.4106270000000001,0.443042,14,117,0.5,0.25,0.1428571,0.935959,0.492917,0.001984127,EIGENVAL,OUTCAR
CrS|k133,/scratch/e1398a04/Altermagnetism/CrS_conv/k133,ok,2.5492,36,1154,32,6358,1154,0.446993,0.3485790000000001,0.28127499999999994,0.233085,0.09007699999999996,0.10761230914678818,0.20256992361110912,1.589167185139099,0.41883500000000007,0.446993,14,203,0.5,0.25,0.1111111,0.943684,0.496691,0.0008680556,EIGENVAL,OUTCAR
CrS|k150,/scratch/e1398a04/Altermagnetism/CrS_conv/k150,ok,2.6175,36,1784,32,9208,1784,0.44619999999999993,0.3476450000000001,0.280629,0.2344400000000002,0.08831100000000003,0.10646620930739323,0.2011611557239087,1.5899996080234042,0.4432799999999999,0.44619999999999993,14,588,0.5,0.2777778,0.1818182,0.942888,0.496688,0.0005611672,EIGENVAL,OUTCAR
CrS|k200,/scratch/e1398a04/Altermagnetism/CrS_conv/k200,ok,2.5689,36,4036,32,21936,4036,0.45000300000000004,0.351187,0.27836099999999997,0.23471500000000012,0.0890559999999998,0.10767533090819754,0.20296921331038847,1.616616551887657,0.45000300000000004,0.45000300000000004,15,848,0.2083333,-0.04166667,0.07142857,1.42372,0.973717,0.0002480159,EIGENVAL,OUTCAR
CrS|enc600,/scratch/e1398a04/Altermagnetism/CrS_conv/enc600,ok,2.5023,36,506,32,2880,506,0.44283800000000006,0.345593,0.28204399999999996,0.23084700000000002,0.08809199999999995,0.10600111105299646,0.20250568154762155,1.5701025371927788,0.41083400000000003,0.44283800000000006,14,117,0.5,0.25,0.1428571,0.935162,0.492324,0.001984127,EIGENVAL,OUTCAR
CrS|enc625,/scratch/e1398a04/Altermagnetism/CrS_conv/enc625,ok,2.5023,36,506,32,2880,506,0.442772,0.345602,0.28210199999999996,0.23081600000000013,0.08814,0.10600327161785003,0.2025044077380978,1.5695457671338737,0.4108569999999999,0.442772,14,117,0.5,0.25,0.1428571,0.935017,0.492245,0.001984127,EIGENVAL,OUTCAR
CrS|enc700,/scratch/e1398a04/Altermagnetism/CrS_conv/enc700,ok,2.5021,36,506,32,2880,506,0.44273199999999996,0.345593,0.282114,0.230796,0.08816100000000004,0.10600330491631589,0.20249861309524067,1.5693372182876426,0.41083099999999995,0.44273199999999996,14,117,0.5,0.25,0.1428571,0.934901,0.492169,0.001984127,EIGENVAL,OUTCAR
CrS|sig0005,/scratch/e1398a04/Altermagnetism/CrS_conv/sig0005,ok,2.5025,36,506,32,2880,506,0.44304000000000004,0.34552399999999994,0.281791,0.23094799999999993,0.088032,0.10598723727335903,0.20249479563492317,1.5722290633838556,0.4106270000000001,0.44304000000000004,14,117,0.5,0.25,0.1428571,0.935957,0.492917,0.001984127,EIGENVAL,OUTCAR
CrS|sig002,/scratch/e1398a04/Altermagnetism/CrS_conv/sig002,ok,2.6746,36,506,32,2441,506,0.443042,0.34507599999999994,0.28481900000000004,0.23386799999999996,0.08512900000000001,0.10463998642533719,0.19708007242063744,1.5555212257609217,0.4106270000000001,0.443042,14,117,0.5,0.25,0.1428571,0.93596,0.492918,0.001984127,EIGENVAL,OUTCAR
CrS|sig005,/scratch/e1398a04/Altermagnetism/CrS_conv/sig005,ok,2.6746,36,506,32,2441,506,0.443043,0.34505699999999995,0.28483100000000006,0.233865,0.08512699999999995,0.10464041999177089,0.1970810744047644,1.5554592021233642,0.4106279999999999,0.443043,14,117,0.5,0.25,0.1428571,0.935964,0.492921,0.001984127,EIGENVAL,OUTCAR
CrS|tetra,/scratch/e1398a04/Altermagnetism/CrS_conv/tetra,ok,2.5025,36,506,32,2880,506,0.44303899999999996,0.34551999999999994,0.28177699999999994,0.2309509999999999,0.08802299999999996,0.10598659030683162,0.20249459424603428,1.5723036301756355,0.410628,0.44303899999999996,14,117,0.5,0.25,0.1428571,0.935955,0.492916,0.001984127,EIGENVAL,OUTCAR
CrS|ediff1e7,/scratch/e1398a04/Altermagnetism/CrS_conv/ediff1e7,ok,2.5024,36,506,32,2882,506,0.44300700000000004,0.345512,0.2817430000000001,0.230977,0.08805600000000002,0.1059933914634124,0.20248336507936784,1.5723797929318561,0.41066199999999986,0.44300700000000004,14,117,0.5,0.25,0.1428571,0.935937,0.49293,0.001984127,EIGENVAL,OUTCAR
CrS|ediff1e8,/scratch/e1398a04/Altermagnetism/CrS_conv/ediff1e8,ok,2.5024,36,506,32,2880,506,0.443009,0.34549399999999997,0.28173399999999993,0.23095900000000003,0.08804600000000007,0.10596820728730577,0.20248317559524073,1.5724371215401765,0.41067299999999995,0.443009,14,117,0.5,0.25,0.1428571,0.935905,0.492896,0.001984127,EIGENVAL,OUTCAR
lowFeSi|base,/scratch/e1398a04/Altermagnetism/lowFeSi_conv/base,ok,8.1243,24,677,16,1809,677,0.0027200000000000557,0.002499000000000251,0.0022399999999995757,0.0019409999999995264,0.001120000000000232,0.0011095876003321683,0.0015395835798816494,1.214285714285969,0.0027200000000000557,0.0027200000000000557,9,1,0.0,0.0,0.0,6.674006,6.671286,0.000739645,EIGENVAL,OUTCAR
lowFeSi|k133,/scratch/e1398a04/Altermagnetism/lowFeSi_conv/k133,ok,8.1265,24,1590,16,4212,1590,0.0026729999999997034,0.0023850000000003035,0.0021500000000003183,0.0018930000000008107,0.001152000000000264,0.0010929693659240862,0.001478720666816699,1.2432558139531664,0.0026729999999997034,0.0026729999999997034,9,1,0.0,0.0,0.0,6.670609,6.667936,0.0003145643,EIGENVAL,OUTCAR
lowFeSi|k150,/scratch/e1398a04/Altermagnetism/lowFeSi_conv/k150,ok,8.1086,24,2404,16,6457,2404,0.003041999999999767,0.0027359999999996276,0.002417999999999587,0.0021219999999999573,0.0010859999999999204,0.0011467462002469364,0.0016214658330990707,1.2580645161291508,0.003041999999999767,0.003041999999999767,13,11,0.5,-3.995385e-21,-3.042499e-20,7.288641,7.285599,0.0002083333,EIGENVAL,OUTCAR
lowFeSi|k200,/scratch/e1398a04/Altermagnetism/lowFeSi_conv/k200,ok,8.1226,24,5412,16,14474,5412,0.002839000000000702,0.0025740000000000762,0.002219000000000193,0.001936000000000604,0.0010539999999998884,0.0010729303491737606,0.0015295479845373354,1.2794051374495066,0.002839000000000702,0.002839000000000702,12,575,-2.194051e-21,0.3461538,0.0625,7.735979,7.73314,0.0001849112,EIGENVAL,OUTCAR
lowFeSi|enc600,/scratch/e1398a04/Altermagnetism/lowFeSi_conv/enc600,ok,8.1237,24,677,16,1808,677,0.002911000000000108,0.0026359999999998607,0.0023200000000000998,0.0020260000000007494,0.0011489999999998446,0.001150415674328462,0.0015992847633135873,1.2547413793103375,0.002911000000000108,0.002911000000000108,9,1,0.0,0.0,0.0,6.673151,6.67024,0.000739645,EIGENVAL,OUTCAR
lowFeSi|enc625,/scratch/e1398a04/Altermagnetism/lowFeSi_conv/enc625,ok,8.1234,24,677,16,1808,677,0.002903000000000766,0.002626999999999491,0.002314999999999401,0.0020180000000005194,0.0011440000000000339,0.0011465826640820061,0.001594656065088745,1.2539956803462278,0.002903000000000766,0.002903000000000766,9,1,0.0,0.0,0.0,6.672678,6.669775,0.000739645,EIGENVAL,OUTCAR
lowFeSi|enc700,/scratch/e1398a04/Altermagnetism/lowFeSi_conv/enc700,ok,8.1234,24,677,16,1808,677,0.002919000000000338,0.002642999999999951,0.002323000000000519,0.002027000000000001,0.0011470000000004532,0.0011507612849626472,0.0015996730769230986,1.2565647869133387,0.002919000000000338,0.002919000000000338,9,1,0.0,0.0,0.0,6.672423,6.669504,0.000739645,EIGENVAL,OUTCAR
lowFeSi|sig0005,/scratch/e1398a04/Altermagnetism/lowFeSi_conv/sig0005,ok,8.1276,24,677,16,1808,677,0.0030000000000001137,0.0027010000000000645,0.0023730000000004026,0.002047000000000132,0.0011219999999996233,0.0011494674605372745,0.0016144149408283883,1.2642225031603898,0.0030000000000001137,0.0030000000000001137,12,7,0.4615385,-2.665175e-21,-1.006986e-20,7.308247,7.305247,0.00147929,EIGENVAL,OUTCAR
lowFeSi|sig002,/scratch/e1398a04/Altermagnetism/lowFeSi_conv/sig002,ok,8.1226,24,677,16,1798,677,0.0026609999999998024,0.002438999999999858,0.002219000000000193,0.0019449999999991974,0.0011809999999998766,0.0011455725424673047,0.0015521390532544374,1.1991888237943087,0.0026609999999998024,0.0026609999999998024,9,1,0.0,0.0,0.0,6.672657,6.669996,0.000739645,EIGENVAL,OUTCAR
lowFeSi|sig005,/scratch/e1398a04/Altermagnetism/lowFeSi_conv/sig005,ok,8.1201,24,677,16,1776,677,0.002667000000000641,0.002406999999999826,0.0021449999999996194,0.0018940000000000623,0.0011210000000003717,0.001100322526078418,0.0014966449704142014,1.2433566433571628,0.002667000000000641,0.002667000000000641,12,60,2.402096e-21,0.3846154,-7.208879e-21,7.556193,7.553526,0.00147929,EIGENVAL,OUTCAR
lowFeSi|tetra,/scratch/e1398a04/Altermagnetism/lowFeSi_conv/tetra,ok,8.1302,24,677,16,1737,677,0.002761999999999709,0.0024639999999997997,0.0020970000000000155,0.0019140000000001933,0.0010859999999999204,0.0010831588353992572,0.0014807034023668134,1.3171196948019497,0.002761999999999709,0.002761999999999709,12,72,-0.07692308,0.3846154,-5.259151e-21,7.493843,7.491081,0.00147929,EIGENVAL,OUTCAR
lowFeSi|ediff1e7,/scratch/e1398a04/Altermagnetism/lowFeSi_conv/ediff1e7,ok,8.1243,24,677,16,1809,677,0.0025889999999995084,0.0023770000000000735,0.002164000000000499,0.0018880000000001118,0.0011129999999992535,0.0010881967893717392,0.0015038801775147824,1.1963955637702919,0.0025889999999995084,0.0025889999999995084,9,1,0.0,0.0,0.0,6.67381,6.671221,0.000739645,EIGENVAL,OUTCAR
lowFeSi|ediff1e8,/scratch/e1398a04/Altermagnetism/lowFeSi_conv/ediff1e8,ok,8.1243,24,677,16,1809,677,0.002581999999999418,0.002353999999999523,0.0021169999999992584,0.0018779999999996022,0.0011289999999997136,0.0010877160254636439,0.0014951294378698092,1.219650448748381,0.002581999999999418,0.002581999999999418,12,60,2.402096e-21,0.3846154,-7.208879e-21,7.556417,7.553835,0.00147929,EIGENVAL,OUTCAR
CoS|k24,/scratch/e1398a04/Altermagnetism/CoS_conv/k24,ok,6.7396,30,3460,32,10850,3460,1.0984949999999998,0.8087029999999995,0.5998899999999994,0.43123799999999957,0.08229799999999976,0.15552436241489903,0.22837033544999352,1.8311607127973477,1.0984949999999998,1.0984949999999998,14,1628,-0.2916667,0.2916667,0.25,6.335833,5.237338,0.0002893519,EIGENVAL,OUTCAR
CoS|k27,/scratch/e1398a04/Altermagnetism/CoS_conv/k27,ok,6.7411,30,5104,32,16079,5104,1.0612120000000003,0.7971979999999999,0.5850930000000005,0.4398460000000002,0.08257699999999968,0.15700274660897756,0.23073367422044597,1.8137492672105107,1.0612120000000003,1.0612120000000003,14,2067,0.0,0.3333333,0.2142857,5.232778,6.29399,0.0001959632,EIGENVAL,OUTCAR
