filename,sg,verdict,ops,n_ops,nsym
Ag2F6_3,P-1,compensated_FiM_candidate,,0,2
Al10Fe2_1,I4_1/amd,conventional_AFM_inversion,inversion|mirror/rotoinv|rotation,8,16
Al2Fe2_2,C2/m,conventional_AFM_inversion,inversion|rotation,2,4
Al2Mn2_2,P4/mmm,conventional_AFM_translation,inversion|mirror/rotoinv|rotation|translation,16,32
Al3Fe2_2,Immm,conventional_AFM_inversion,inversion|mirror/rotoinv|rotation,4,8
Al5Mn2_1,R-3m,conventional_AFM_inversion,inversion|mirror/rotoinv|rotation,6,12
As1V2_1,C2/m,conventional_AFM_inversion,inversion|rotation,2,4
As2Cr2_1,Cm,compensated_FiM_candidate,,0,2
As2Cr2_4,Cmcm,conventional_AFM_inversion,inversion|mirror/rotoinv|rotation,4,8
As2Mo2_1,I4_1md,ALTERMAGNET,mirror/rotoinv|rotation,4,8
As2Mo2_3,P6_3/mmc,ALTERMAGNET,mirror/rotoinv|rotation,12,24
As2Mo2_4,P4/nmm,conventional_AFM_inversion,inversion|mirror/rotoinv|rotation,8,16
As2Nb2_2,P6_3/mmc,ALTERMAGNET,mirror/rotoinv|rotation,12,24
As2Ni2_1,P6_3/mmc,ALTERMAGNET,mirror/rotoinv|rotation,12,24
As2Ru2_2,P6_3/mmc,ALTERMAGNET,mirror/rotoinv|rotation,12,24
As2V2_1,Cmcm,ALTERMAGNET,mirror/rotoinv|rotation,4,8
As2V2_2,I4_1md,ALTERMAGNET,mirror/rotoinv|rotation,4,8
As4Cr2_1,Pnnm,ALTERMAGNET,mirror/rotoinv|rotation,4,8
As4Fe2_1,Pnnm,ALTERMAGNET,mirror/rotoinv|rotation,4,8
As8Co2_1,P2_1/c,ALTERMAGNET,mirror/rotoinv|rotation,2,4
As8Cr2_1,P2_1,ALTERMAGNET,rotation,1,2
As8Cr2_3,P2_1/c,ALTERMAGNET,mirror/rotoinv|rotation,2,4
B2Co2_5,Imm2,ALTERMAGNET,mirror/rotoinv|rotation,2,4
B2Fe2_3,Cmcm,ALTERMAGNET,mirror/rotoinv|rotation,4,8
B2Fe2_4,P6_3/mmc,conventional_AFM_inversion,inversion|mirror/rotoinv|rotation,12,24
B2Fe2_5,C2/m,conventional_AFM_inversion,inversion|rotation,2,4
B2Mo2_4,Imma,ALTERMAGNET,mirror/rotoinv|rotation,4,8
B2Rh2_3,P6_3/mmc,ALTERMAGNET,mirror/rotoinv|rotation,12,24
B8Co2_1,Pnnm,ALTERMAGNET,mirror/rotoinv|rotation,4,8
B8Fe2_1,Pnnm,ALTERMAGNET,mirror/rotoinv|rotation,4,8
Bi2Co2_1,P6_3/mmc,ALTERMAGNET,mirror/rotoinv|rotation,12,24
Bi2Mn2_1,P6_3/mmc,ALTERMAGNET,mirror/rotoinv|rotation,12,24
Bi2Nb2_2,Cmcm,ALTERMAGNET,mirror/rotoinv|rotation,4,8
Bi2Ru2_1,Cmcm,ALTERMAGNET,mirror/rotoinv|rotation,4,8
Bi2Ti2_1,P6_3/mmc,ALTERMAGNET,mirror/rotoinv|rotation,12,24
Bi2V2_1,P6_3/mmc,ALTERMAGNET,mirror/rotoinv|rotation,12,24
Bi3Fe2_1,Cmmm,ALTERMAGNET,mirror/rotoinv|rotation,4,8
Bi3Mn2_1,C2/m,conventional_AFM_inversion,inversion|rotation,2,4
Bi4Cr2_1,Pnnm,ALTERMAGNET,mirror/rotoinv|rotation,4,8
Bi4Fe2_1,Pnnm,ALTERMAGNET,mirror/rotoinv|rotation,4,8
Bi4V2_1,C2/m,conventional_AFM_inversion,inversion|mirror/rotoinv,2,4
Bi4V2_2,Pnnm,ALTERMAGNET,mirror/rotoinv|rotation,4,8
Bi6Cr2_1,P-1,compensated_FiM_candidate,,0,2
Bi6Cr2_3,C2/m,conventional_AFM_inversion,inversion|mirror/rotoinv,2,4
Bi6Cr2_4,P1,compensated_FiM_candidate,,0,1
Bi6Fe2_1,P-1,conventional_AFM_inversion,inversion,1,2
Bi6Fe2_2,R-3c,ALTERMAGNET,mirror/rotoinv|rotation,6,12
Bi8Co2_1,C2/c,ALTERMAGNET,mirror/rotoinv|rotation,2,4
Bi8Cr2_1,I-42d,ALTERMAGNET,mirror/rotoinv|rotation,4,8
Bi8Fe2_1,P-1,conventional_AFM_inversion,inversion,1,2
Bi8Ru2_1,P4/mbm,ALTERMAGNET,mirror/rotoinv|rotation,8,16
Br4Cu2_1,I-42d,ALTERMAGNET,mirror/rotoinv|rotation,4,8
Br4Mn2_1,Pnnm,ALTERMAGNET,mirror/rotoinv|rotation,4,8
Br4Mo2_1,Pnnm,ALTERMAGNET,mirror/rotoinv|rotation,4,8
Br4Ru2_1,Pnnm,ALTERMAGNET,mirror/rotoinv|rotation,4,8
Br4V2_1,Pnnm,ALTERMAGNET,mirror/rotoinv|rotation,4,8
Br6Pd2_1,Cc,ALTERMAGNET,mirror/rotoinv,1,2
C1Co2_1,Imm2,ALTERMAGNET,mirror/rotoinv|rotation,2,4
C2Cr2_3,I4_1md,ALTERMAGNET,mirror/rotoinv|rotation,4,8
C2Cr2_5,P6_3/mmc,ALTERMAGNET,mirror/rotoinv|rotation,12,24
C2Fe2_3,Cmcm,ALTERMAGNET,mirror/rotoinv|rotation,4,8
C2Mo2_4,P6_3/mmc,ALTERMAGNET,mirror/rotoinv|rotation,12,24
C2Sc2_4,P-6m2,compensated_FiM_candidate,,0,12
Cd2F6_3,P2_1,ALTERMAGNET,rotation,1,2
Cl4Co2_1,I-42d,ALTERMAGNET,mirror/rotoinv|rotation,4,8
Cl4Fe2_1,I-42d,ALTERMAGNET,mirror/rotoinv|rotation,4,8
Cl4Fe2_2,Pnnm,ALTERMAGNET,mirror/rotoinv|rotation,4,8
Cl4Mn2_1,Pnnm,ALTERMAGNET,mirror/rotoinv|rotation,4,8
Cl4Nb2_1,Imm2,ALTERMAGNET,mirror/rotoinv|rotation,2,4
Cl4Nb2_2,P4_2/mnm,ALTERMAGNET,mirror/rotoinv|rotation,8,16
Cl6Mn2_1,C2/c,ALTERMAGNET,mirror/rotoinv|rotation,2,4
Cl6Nb2_1,C2,ALTERMAGNET,rotation,1,2
Cl6Pd2_1,Cc,ALTERMAGNET,mirror/rotoinv,1,2
Cl6Pd2_2,C2/c,ALTERMAGNET,mirror/rotoinv|rotation,2,4
Cl6Ti2_1,Cc,ALTERMAGNET,mirror/rotoinv,1,2
Cl6Zr2_1,Cc,ALTERMAGNET,mirror/rotoinv,1,2
Co2F4_1,P4_2/mnm,ALTERMAGNET,mirror/rotoinv|rotation,8,16
Co2F6_1,C2/c,ALTERMAGNET,mirror/rotoinv|rotation,2,4
Co2Ge2_1,Cmcm,ALTERMAGNET,mirror/rotoinv|rotation,4,8
Co2N2_1,Cm,compensated_FiM_candidate,,0,2
Co2N6_1,C2/c,conventional_AFM_inversion,inversion|mirror/rotoinv,2,4
Co2O2_1,P6_3mc,ALTERMAGNET,mirror/rotoinv|rotation,6,12
Co2P2_4,P6_3mc,ALTERMAGNET,mirror/rotoinv|rotation,6,12
Co2Pb2_4,C2/m,conventional_AFM_translation,inversion|mirror/rotoinv|rotation|translation,4,8
Co2Pb3_1,C2/m,conventional_AFM_inversion,inversion|rotation,2,4
Co2S2_1,P6_3/mmc,ALTERMAGNET,mirror/rotoinv|rotation,12,24
Co2Sb3_1,P-3m1,conventional_AFM_inversion,inversion|mirror/rotoinv|rotation,6,12
Co2Se2_3,P6_3mc,ALTERMAGNET,mirror/rotoinv|rotation,6,12
Co2Se4_1,Pnnm,ALTERMAGNET,mirror/rotoinv|rotation,4,8
Co2Sn4_2,P4_2/mnm,ALTERMAGNET,mirror/rotoinv|rotation,8,16
Co2Tl3_1,Cmmm,conventional_AFM_inversion,inversion|mirror/rotoinv|rotation,4,8
Cr2F4_cluster1,P2_1/c,ALTERMAGNET,mirror/rotoinv|rotation,2,4
Cr2F4_cluster2,I4_1/amd,conventional_AFM_inversion,inversion|mirror/rotoinv|rotation,8,16
Cr2F6_cluster1,R-3c,ALTERMAGNET,mirror/rotoinv|rotation,6,12
Cr2F6_cluster2,P6_322,ALTERMAGNET,rotation,6,12
Cr2F8_cluster1,C2,ALTERMAGNET,rotation,1,2
Cr2F8_cluster2,Fdd2,ALTERMAGNET,mirror/rotoinv,2,4
Cr2Ga2_2,P4/mmm,conventional_AFM_translation,inversion|mirror/rotoinv|rotation|translation,16,32
Cr2Ge2_3,P6_3/mmc,ALTERMAGNET,mirror/rotoinv|rotation,12,24
Cr2Ge3_1,C2/m,conventional_AFM_inversion,inversion|rotation,2,4
Cr2In2_5,P1,compensated_FiM_candidate,,0,1
Cr2In5_1,P-1,conventional_AFM_inversion,inversion,1,2
Cr2In8_2,P-1,conventional_AFM_translation,inversion|translation,2,4
Cr2N2_7,P6_3/mmc,ALTERMAGNET,mirror/rotoinv|rotation,12,24
Cr2O2_2,Cccm,ALTERMAGNET,mirror/rotoinv|rotation,4,8
Cr2O4_2,P4_2/mnm,ALTERMAGNET,mirror/rotoinv|rotation,8,16
Cr2P18_1,P-1,conventional_AFM_inversion,inversion,1,2
Cr2P4_2,Pnnm,ALTERMAGNET,mirror/rotoinv|rotation,4,8
Cr2P8_1,P2_1/c,ALTERMAGNET,mirror/rotoinv|rotation,2,4
Cr2P8_2,C222_1,ALTERMAGNET,rotation,2,4
Cr2Pb13_1,P-1,conventional_AFM_inversion,inversion,1,2
Cr2Pb8_2,Cmme,conventional_AFM_inversion,inversion|mirror/rotoinv,4,8
Cr2S2_1,Cmcm,ALTERMAGNET,mirror/rotoinv|rotation,4,8
Cr2S2_2,C2/c,ALTERMAGNET,mirror/rotoinv|rotation,2,4
Cr2S2_3,P1,compensated_FiM_candidate,,0,1
Cr2S2_5,C2/c,ALTERMAGNET,mirror/rotoinv|rotation,2,4
Cr2Sb2_1,P6_3/mmc,ALTERMAGNET,mirror/rotoinv|rotation,12,24
Cr2Sb2_2,P-1,conventional_AFM_translation,inversion|translation,2,4
Cr2Sb3_3,Fmm2,ALTERMAGNET,mirror/rotoinv|rotation,2,4
Cr2Sb4_1,Pnnm,ALTERMAGNET,mirror/rotoinv|rotation,4,8
Cr2Sb6_1,C2/c,ALTERMAGNET,mirror/rotoinv|rotation,2,4
Cr2Sb8_1,P-1,conventional_AFM_inversion,inversion,1,2
Cr2Se2_1,C2/c,ALTERMAGNET,mirror/rotoinv|rotation,2,4
Cr2Se2_2,C2/c,ALTERMAGNET,mirror/rotoinv|rotation,2,4
Cr2Se4_1,Pnnm,ALTERMAGNET,mirror/rotoinv|rotation,4,8
Cr2Si4_1,I4/mcm,conventional_AFM_inversion,inversion|mirror/rotoinv,8,16
Cr2Sn2_2,P6_3/mmc,ALTERMAGNET,mirror/rotoinv|rotation,12,24
Cr2Te2_1,Cmcm,ALTERMAGNET,mirror/rotoinv|rotation,4,8
Cr2Te4_1,Pnnm,ALTERMAGNET,mirror/rotoinv|rotation,4,8
Cr2Te8_2,P-1,compensated_FiM_candidate,,0,2
Cu2F4_1,P2_1/c,ALTERMAGNET,mirror/rotoinv|rotation,2,4
Cu2F6_1,P6_322,ALTERMAGNET,rotation,6,12
Cu2F6_2,R-3c,ALTERMAGNET,mirror/rotoinv|rotation,6,12
Cu2O2_1,C2/c,ALTERMAGNET,mirror/rotoinv|rotation,2,4
Cu2O2_4,Ama2,ALTERMAGNET,mirror/rotoinv|rotation,2,4
Cu2O2_6,P6_3mc,ALTERMAGNET,mirror/rotoinv|rotation,6,12
Cu2O4_1,P2_1/c,ALTERMAGNET,mirror/rotoinv|rotation,2,4
F10Zr2_1,Cm,ALTERMAGNET,mirror/rotoinv,1,2
F4Fe2_2,P-1,conventional_AFM_inversion,inversion,1,2
F4Mn2_1,P4_2/mnm,ALTERMAGNET,mirror/rotoinv|rotation,8,16
F4Ni2_1,P4_2/mnm,ALTERMAGNET,mirror/rotoinv|rotation,8,16
F4Sc2_1,P4_2/mnm,ALTERMAGNET,mirror/rotoinv|rotation,8,16
F4V2_1,P4_2/mnm,ALTERMAGNET,mirror/rotoinv|rotation,8,16
F4Y2_1,P4_2/mnm,ALTERMAGNET,mirror/rotoinv|rotation,8,16
F6Fe2_1,R-3c,ALTERMAGNET,mirror/rotoinv|rotation,6,12
F6Fe2_2,R32,ALTERMAGNET,rotation,3,6
F6Mn2_1,C2/c,ALTERMAGNET,mirror/rotoinv|rotation,2,4
F6Mn2_4,C222_1,ALTERMAGNET,rotation,2,4
F6Mn2_5,Pbam,ALTERMAGNET,mirror/rotoinv|rotation,4,8
F6Mo2_2,R-3c,ALTERMAGNET,mirror/rotoinv|rotation,6,12
F6Mo2_3,P6_322,ALTERMAGNET,rotation,6,12
F6Nb2_1,C2/c,ALTERMAGNET,mirror/rotoinv|rotation,2,4
F6Pd2_1,C2/c,ALTERMAGNET,mirror/rotoinv|rotation,2,4
F6Pd2_2,C222_1,ALTERMAGNET,rotation,2,4
F6Ru2_1,R-3c,ALTERMAGNET,mirror/rotoinv|rotation,6,12
F6Ru2_2,P6_322,ALTERMAGNET,rotation,6,12
F6Ti2_3,C222_1,ALTERMAGNET,rotation,2,4
F6Ti2_4,Cc,ALTERMAGNET,mirror/rotoinv,1,2
F6Ti2_6,C2,ALTERMAGNET,rotation,1,2
F6V2_1,R-3c,ALTERMAGNET,mirror/rotoinv|rotation,6,12
F6V2_2,P6_322,ALTERMAGNET,rotation,6,12
F6Zr2_2,C2/c,ALTERMAGNET,mirror/rotoinv|rotation,2,4
F6Zr2_4,P2_1,ALTERMAGNET,rotation,1,2
F8Mn2_1,I4_1md,ALTERMAGNET,mirror/rotoinv|rotation,4,8
F8Nb2_3,Fdd2,ALTERMAGNET,mirror/rotoinv,2,4
F8Ni2_1,I4_1md,ALTERMAGNET,mirror/rotoinv|rotation,4,8
F8V2_1,C2,ALTERMAGNET,rotation,1,2
Fe2Ga5_1,C2/m,conventional_AFM_inversion,inversion|rotation,2,4
Fe2Ge1_1,I4/mmm,conventional_AFM_inversion,inversion|mirror/rotoinv|rotation,8,16
Fe2Ge1_2,P-1,conventional_AFM_inversion,inversion,1,2
Fe2Ge2_1,P6_3/mmc,ALTERMAGNET,mirror/rotoinv|rotation,12,24
Fe2Ge4_2,I4/mcm,conventional_AFM_inversion,inversion|mirror/rotoinv,8,16
Fe2I4_1,Fdd2,ALTERMAGNET,mirror/rotoinv,2,4
Fe2N2_1,P6_3mc,ALTERMAGNET,mirror/rotoinv|rotation,6,12
Fe2O2_8,C2/c,ALTERMAGNET,mirror/rotoinv|rotation,2,4
Fe2P2_1,P6_3/mmc,ALTERMAGNET,mirror/rotoinv|rotation,12,24
Fe2P2_3,P6_3mc,ALTERMAGNET,mirror/rotoinv|rotation,6,12
Fe2P4_1,P2_1/c,ALTERMAGNET,mirror/rotoinv|rotation,2,4
Fe2P5_1,Imm2,ALTERMAGNET,mirror/rotoinv|rotation,2,4
Fe2P6_2,C2/c,ALTERMAGNET,mirror/rotoinv|rotation,2,4
Fe2P8_1,P2_1/c,ALTERMAGNET,mirror/rotoinv|rotation,2,4
Fe2Pb2_1,Cmcm,conventional_AFM_inversion,inversion|mirror/rotoinv|rotation,4,8
Fe2Pb4_2,C2/m,conventional_AFM_inversion,inversion|rotation,2,4
Fe2S4_1,Pnnm,ALTERMAGNET,mirror/rotoinv|rotation,4,8
Fe2Se2_1,P6_3/mmc,ALTERMAGNET,mirror/rotoinv|rotation,12,24
Fe2Se4_1,Pnnm,ALTERMAGNET,mirror/rotoinv|rotation,4,8
Fe2Se8_1,P4/mcc,conventional_AFM_inversion,inversion|mirror/rotoinv,8,16
Fe2Si2_3,P6_3/mmc,ALTERMAGNET,mirror/rotoinv|rotation,12,24
Fe2Si2_4,P4/nmm,conventional_AFM_inversion,inversion|mirror/rotoinv|rotation,8,16
Fe2Sn10_2,I4/mcm,conventional_AFM_inversion,inversion|mirror/rotoinv,8,16
Fe2Sn2_1,C2/c,ALTERMAGNET,mirror/rotoinv|rotation,2,4
Fe2Sn3_1,P-1,conventional_AFM_inversion,inversion,1,2
Fe2Sn4_3,Pnnm,ALTERMAGNET,mirror/rotoinv|rotation,4,8
Fe2Sn8_2,C2/m,conventional_AFM_inversion,inversion|mirror/rotoinv,2,4
Fe2Te2_1,Cmcm,ALTERMAGNET,mirror/rotoinv|rotation,4,8
Fe2Te4_1,Pnnm,ALTERMAGNET,mirror/rotoinv|rotation,4,8
Fe2Te6_1,C2/c,ALTERMAGNET,mirror/rotoinv|rotation,2,4
Fe2Tl3_1,Cmmm,conventional_AFM_inversion,inversion|mirror/rotoinv|rotation,4,8
Ga2Ru2_4,P6_3/mmc,ALTERMAGNET,mirror/rotoinv|rotation,12,24
Ga4Ti2_1,P4/mmm,conventional_AFM_translation,inversion|mirror/rotoinv|rotation|translation,16,32
Ge2Mn2_2,P6_3/mmc,ALTERMAGNET,mirror/rotoinv|rotation,12,24
Ge2Mn2_3,I4_1md,ALTERMAGNET,mirror/rotoinv|rotation,4,8
Ge2Mo2_2,P6_3/mmc,ALTERMAGNET,mirror/rotoinv|rotation,12,24
Ge2Ru2_2,P6_3/mmc,ALTERMAGNET,mirror/rotoinv|rotation,12,24
Ge2V2_2,P6_3/mmc,conventional_AFM_inversion,inversion|mirror/rotoinv|rotation,12,24
Ge2V2_3,P2/m,conventional_AFM_translation,inversion|mirror/rotoinv|rotation|translation,4,8
Ge4V2_1,Imma,ALTERMAGNET,mirror/rotoinv|rotation,4,8
I4Mn2_1,P4_2/mnm,ALTERMAGNET,mirror/rotoinv|rotation,8,16
I4Nb2_1,P4_2/mnm,ALTERMAGNET,mirror/rotoinv|rotation,8,16
I4Ni2_1,Fdd2,ALTERMAGNET,mirror/rotoinv,2,4
I4Rh2_1,P4_2/mnm,ALTERMAGNET,mirror/rotoinv|rotation,8,16
I4Ti2_1,P4_2/mnm,ALTERMAGNET,mirror/rotoinv|rotation,8,16
I6Nb2_1,R-3c,ALTERMAGNET,mirror/rotoinv|rotation,6,12
In6Mo2_1,Pmmn,conventional_AFM_inversion,inversion|mirror/rotoinv|rotation,4,8
In8Mn2_3,P4/mbm,ALTERMAGNET,mirror/rotoinv|rotation,8,16
Mn2N2_2,Cm,compensated_FiM_candidate,,0,2
Mn2N2_3,C2/c,ALTERMAGNET,mirror/rotoinv|rotation,2,4
Mn2N2_7,Cm,conventional_AFM_translation,mirror/rotoinv|translation,2,4
Mn2O2_5,P6_3mc,ALTERMAGNET,mirror/rotoinv|rotation,6,12
Mn2O2_6,C2/c,ALTERMAGNET,mirror/rotoinv|rotation,2,4
Mn2O2_7,Cm,compensated_FiM_candidate,,0,2
Mn2O3_1,P-1,conventional_AFM_inversion,inversion,1,2
Mn2O4_1,P4_2/mnm,ALTERMAGNET,mirror/rotoinv|rotation,8,16
Mn2P2_4,R-3m,conventional_AFM_translation,inversion|mirror/rotoinv|rotation|translation,12,24
Mn2Pb4_2,C2/m,conventional_AFM_inversion,inversion|rotation,2,4
Mn2Pb8_1,P-42_1c,ALTERMAGNET,mirror/rotoinv|rotation,4,8
Mn2Pb8_2,P-1,conventional_AFM_inversion,inversion,1,2
Mn2Pb8_3,P4/mbm,ALTERMAGNET,mirror/rotoinv|rotation,8,16
Mn2S2_1,P6_3/mmc,ALTERMAGNET,mirror/rotoinv|rotation,12,24
Mn2S2_2,P6_3mc,ALTERMAGNET,mirror/rotoinv|rotation,6,12
Mn2S4_1,Pnnm,ALTERMAGNET,mirror/rotoinv|rotation,4,8
Mn2Sb4_1,Pnnm,ALTERMAGNET,mirror/rotoinv|rotation,4,8
Mn2Sb6_1,C2/c,ALTERMAGNET,mirror/rotoinv|rotation,2,4
Mn2Se2_1,P6_3mc,ALTERMAGNET,mirror/rotoinv|rotation,6,12
Mn2Se2_2,P6_3/mmc,ALTERMAGNET,mirror/rotoinv|rotation,12,24
Mn2Se2_3,Cmc2_1,ALTERMAGNET,mirror/rotoinv|rotation,2,4
Mn2Se4_1,Pnnm,ALTERMAGNET,mirror/rotoinv|rotation,4,8
Mn2Sn3_1,P-3m1,conventional_AFM_inversion,inversion|mirror/rotoinv|rotation,6,12
Mn2Te2_1,P6_3/mmc,ALTERMAGNET,mirror/rotoinv|rotation,12,24
Mn2Te3_1,I4/mmm,conventional_AFM_inversion,inversion|mirror/rotoinv|rotation,8,16
Mn2Te4_1,Pnnm,ALTERMAGNET,mirror/rotoinv|rotation,4,8
Mn2Te8_1,P2_1/c,ALTERMAGNET,mirror/rotoinv|rotation,2,4
Mn2Te8_2,C2/c,conventional_AFM_inversion,inversion|mirror/rotoinv,2,4
Mn2Te8_3,C2/m,ALTERMAGNET,mirror/rotoinv|rotation,2,4
Mn2Tl13_1,P1,compensated_FiM_candidate,,0,1
Mo2N2_2,P6_3/mmc,ALTERMAGNET,mirror/rotoinv|rotation,12,24
Mo2N2_4,P6_3mc,ALTERMAGNET,mirror/rotoinv|rotation,6,12
Mo2O3_1,Cmmm,ALTERMAGNET,mirror/rotoinv|rotation,4,8
Mo2O4_2,P2_1/c,ALTERMAGNET,mirror/rotoinv|rotation,2,4
Mo2P4_4,Pnnm,ALTERMAGNET,mirror/rotoinv|rotation,4,8
Mo2P8_1,P4/mbm,ALTERMAGNET,mirror/rotoinv|rotation,8,16
Mo2Sb2_2,Cmcm,ALTERMAGNET,mirror/rotoinv|rotation,4,8
Mo2Se2_1,Cc,ALTERMAGNET,mirror/rotoinv,1,2
Mo2Sn4_1,I4/mcm,conventional_AFM_inversion,inversion|mirror/rotoinv,8,16
Mo2Sn5_1,C2/m,conventional_AFM_inversion,inversion|rotation,2,4
Mo2Te2_1,C2/c,ALTERMAGNET,mirror/rotoinv|rotation,2,4
N2V2_1,I4_1md,ALTERMAGNET,mirror/rotoinv|rotation,4,8
N2V2_7,P6_3mc,ALTERMAGNET,mirror/rotoinv|rotation,6,12
N4Nb2_4,P6_3/mmc,ALTERMAGNET,mirror/rotoinv|rotation,12,24
Nb2Se2_2,P6_3/mmc,ALTERMAGNET,mirror/rotoinv|rotation,12,24
Nb2Te2_4,P6_3/mmc,ALTERMAGNET,mirror/rotoinv|rotation,12,24
Ni2O2_5,P6_3/mmc,ALTERMAGNET,mirror/rotoinv|rotation,12,24
Ni2O4_1,Pnnm,ALTERMAGNET,mirror/rotoinv|rotation,4,8
Ni2O4_2,Pnnm,ALTERMAGNET,mirror/rotoinv|rotation,4,8
Ni2P4_1,Pnnm,ALTERMAGNET,mirror/rotoinv|rotation,4,8
Ni2P8_1,P2_1/c,ALTERMAGNET,mirror/rotoinv|rotation,2,4
Ni2Pb1_1,I4/mmm,conventional_AFM_inversion,inversion|mirror/rotoinv|rotation,8,16
Ni2Pb2_1,P6_3/mmc,ALTERMAGNET,mirror/rotoinv|rotation,12,24
Ni2S4_2,Pnnm,ALTERMAGNET,mirror/rotoinv|rotation,4,8
Ni2Sb4_1,Pnnm,ALTERMAGNET,mirror/rotoinv|rotation,4,8
Ni2Se2_1,P6_3/mmc,ALTERMAGNET,mirror/rotoinv|rotation,12,24
Ni2Se2_2,P6_3/mmc,ALTERMAGNET,mirror/rotoinv|rotation,12,24
Ni2Se3_1,Imm2,ALTERMAGNET,mirror/rotoinv|rotation,2,4
Ni2Se4_1,Pnnm,ALTERMAGNET,mirror/rotoinv|rotation,4,8
Ni2Te2_1,Cmcm,ALTERMAGNET,mirror/rotoinv|rotation,4,8
O2Rh2_7,C2/m,conventional_AFM_translation,inversion|mirror/rotoinv|rotation|translation,4,8
O2Sc2_2,P6_3mc,ALTERMAGNET,mirror/rotoinv|rotation,6,12
O2Ti2_7,Cmcm,ALTERMAGNET,mirror/rotoinv|rotation,4,8
O2V2_3,P6_3/mmc,ALTERMAGNET,mirror/rotoinv|rotation,12,24
O2Y2_1,P6_3mc,ALTERMAGNET,mirror/rotoinv|rotation,6,12
O2Y2_4,P4_2/mmc,ALTERMAGNET,mirror/rotoinv|rotation,8,16
O4Rh2_1,P4_2/mnm,ALTERMAGNET,mirror/rotoinv|rotation,8,16
O4Ru2_1,P4_2/mnm,ALTERMAGNET,mirror/rotoinv|rotation,8,16
O4Ru2_2,Ima2,ALTERMAGNET,mirror/rotoinv|rotation,2,4
O4V2_1,P4_2/mnm,ALTERMAGNET,mirror/rotoinv|rotation,8,16
O4V2_3,Fdd2,ALTERMAGNET,mirror/rotoinv,2,4
O4Y2_5,P4_2/mnm,ALTERMAGNET,mirror/rotoinv|rotation,8,16
O5Ru2_1,Cmmm,conventional_AFM_inversion,inversion|mirror/rotoinv|rotation,4,8
O6Rh2_1,R-3c,ALTERMAGNET,mirror/rotoinv|rotation,6,12
O6Ru2_2,C2,ALTERMAGNET,rotation,1,2
P1Ru2_1,Fm-3m,conventional_AFM_inversion,inversion|mirror/rotoinv|rotation,24,48
P2Ru2_2,P6_3/mmc,ALTERMAGNET,mirror/rotoinv|rotation,12,24
P2V2_1,P6_3/mmc,ALTERMAGNET,mirror/rotoinv|rotation,12,24
P2V2_2,I4_1md,ALTERMAGNET,mirror/rotoinv|rotation,4,8
P2Zr2_2,I4_1md,ALTERMAGNET,mirror/rotoinv|rotation,4,8
P8V2_2,P2_1,ALTERMAGNET,rotation,1,2
P8Zr2_1,P2_1/c,ALTERMAGNET,mirror/rotoinv|rotation,2,4
Pb10Ru2_1,I4/mcm,conventional_AFM_inversion,inversion|mirror/rotoinv,8,16
Pb2Ru2_2,P6_3/mmc,ALTERMAGNET,mirror/rotoinv|rotation,12,24
Pb2Ru2_3,Cmcm,conventional_AFM_inversion,inversion|mirror/rotoinv|rotation,4,8
Pb2Sc2_3,P6_3/mmc,ALTERMAGNET,mirror/rotoinv|rotation,12,24
Pb3Ru2_1,C2/m,conventional_AFM_inversion,inversion|rotation,2,4
Rh2S4_1,P2_1/c,ALTERMAGNET,mirror/rotoinv|rotation,2,4
Rh2Tl2_1,P6_3/mmc,ALTERMAGNET,mirror/rotoinv|rotation,12,24
Ru2S2_1,P6_3mc,ALTERMAGNET,mirror/rotoinv|rotation,6,12
Ru2S2_2,Cmc2_1,ALTERMAGNET,mirror/rotoinv|rotation,2,4
Ru2S8_1,P2_1/c,ALTERMAGNET,mirror/rotoinv|rotation,2,4
Ru2Si1_1,Fm-3m,conventional_AFM_inversion,inversion|mirror/rotoinv|rotation,24,48
Ru2Sn2_3,P6_3/mmc,ALTERMAGNET,mirror/rotoinv|rotation,12,24
S2Ti2_2,P6_3/mmc,ALTERMAGNET,mirror/rotoinv|rotation,12,24
S2V2_2,I4_1md,ALTERMAGNET,mirror/rotoinv|rotation,4,8
S2V2_3,P6_3mc,ALTERMAGNET,mirror/rotoinv|rotation,6,12
S2V2_4,P6_3/mmc,ALTERMAGNET,mirror/rotoinv|rotation,12,24
Sb2Ti2_1,Cmcm,ALTERMAGNET,mirror/rotoinv|rotation,4,8
Sc2Te2_1,P6_3/mmc,ALTERMAGNET,mirror/rotoinv|rotation,12,24
Se2Ti2_1,P6_3/mmc,ALTERMAGNET,mirror/rotoinv|rotation,12,24
Se2Ti2_4,I4_1md,ALTERMAGNET,mirror/rotoinv|rotation,4,8
Se2V2_1,P6_3/mmc,ALTERMAGNET,mirror/rotoinv|rotation,12,24
Te2V2_1,P6_3/mmc,ALTERMAGNET,mirror/rotoinv|rotation,12,24
Te4Ti2_1,P-1,conventional_AFM_inversion,inversion,1,2
Te4V2_1,Cm,ALTERMAGNET,mirror/rotoinv,1,2
Tl2Zr2_1,P6_3/mmc,ALTERMAGNET,mirror/rotoinv|rotation,12,24
