filename,msg_type,bns,uni
Cu2O2_1,1,15.85,92
Cr2O2_2,1,66.491,589
Mo2O3_1,3,10.46,53
Cr2Sb2_1,3,194.268,1498
N2V2_1,1,9.37,44
Fe2P2_1,3,194.268,1498
Ni2Te2_1,3,63.464,562
C2Cr2_3,1,9.37,44
Cr2Te2_1,3,63.464,562
Mo2Sb2_2,3,63.464,562
Ge2Mn2_2,3,194.268,1498
Cr2P8_1,1,14.75,82
B8Fe2_1,3,58.398,496
Fe2Te2_1,3,63.464,562
B2Mo2_4,1,2.4,4
Ni2Se2_2,3,194.268,1498
Ni2Se2_1,3,194.268,1498
Fe2Sn2_1,1,15.85,92
Mn2S2_1,3,194.268,1498
As8Cr2_3,1,14.75,82
Fe2Si2_3,3,194.268,1498
Fe2P8_1,1,14.75,82
Mn2Se2_2,3,194.268,1498
As2V2_2,1,9.37,44
Co2S2_1,3,194.268,1498
Ru2Sn2_3,3,194.268,1498
Mo2Te2_1,1,15.85,92
Fe2O2_8,1,15.85,92
B8Co2_1,3,58.398,496
P2V2_2,1,9.37,44
Mn2N2_3,1,15.85,92
C2Fe2_3,3,63.464,562
Mn2Sb4_1,3,58.398,496
Mo2Se2_1,1,9.37,44
As2Mo2_1,1,9.37,44
Bi4Fe2_1,3,58.398,496
Fe2Ge2_1,3,194.268,1498
Fe2Se2_1,3,194.268,1498
Mn2O2_6,1,15.85,92
Ni2P8_1,1,14.75,82
Mn2Te2_1,3,194.268,1498
Mn2Se2_3,3,36.174,272
As4Fe2_1,3,58.398,496
Cr2Sn2_2,3,194.268,1498
O4Rh2_1,3,58.398,496
Bi3Fe2_1,3,65.486,584
S2V2_2,1,9.37,44
Cr2S2_1,3,63.464,562
Mo2O4_2,3,14.79,86
Cr2N2_7,3,194.268,1498
As2Cr2_1,1,1.1,1
Cr2Sb3_3,1,5.13,20
Cr2S2_5,1,2.4,4
Ge4V2_1,1,2.4,4
Cr2S2_2,1,15.85,92
Co2N2_1,3,8.34,41
Mo2N2_2,3,194.268,1498
Se2Ti2_4,1,9.37,44
Bi2Co2_1,3,194.268,1498
Nb2Te2_4,3,194.268,1498
Co2Se4_1,3,58.398,496
Mn2O4_1,3,58.398,496
As2Mo2_3,3,194.268,1498
Ni2O2_5,3,194.268,1498
Cr2O4_2,3,58.398,496
Fe2Sn4_3,3,58.398,496
Cr2Se2_1,1,15.85,92
Rh2S4_1,3,14.79,86
Cr2Te4_1,3,58.398,496
Cr2Se2_2,1,15.85,92
Fe2P4_1,1,14.75,82
Bi2Mn2_1,3,194.268,1498
Ni2S4_2,3,58.398,496
B2Fe2_3,3,63.464,562
As2V2_1,3,63.464,562
Nb2Se2_2,3,194.268,1498
Bi2Ru2_1,3,63.464,562
Bi6Cr2_1,1,2.4,4
Br4Ru2_1,3,58.398,496
I4Mn2_1,3,58.398,496
Cu2O4_1,3,14.79,86
F6Pd2_2,3,20.33,131
Ge2Mo2_2,3,194.268,1498
Fe2P2_3,3,186.205,1435
Mn2Pb8_3,1,127.387,1047
Se2V2_1,3,194.268,1498
Cu2F4_1,1,14.75,82
Fe2P5_1,1,1.1,1
Pb2Ru2_2,3,194.268,1498
Bi2V2_1,3,194.268,1498
O4V2_1,3,58.398,496
Mn2S4_1,3,58.398,496
P2Ru2_2,3,194.268,1498
Cl4Mn2_1,3,58.398,496
O4Ru2_1,3,58.398,496
C2Cr2_5,3,194.268,1498
P2V2_1,3,194.268,1498
Fe2P6_2,1,2.4,4
Co2F4_1,3,58.398,496
Fe2Te6_1,1,2.4,4
Ru2S2_2,3,36.174,272
Mn2N2_2,3,8.34,41
Cu2F6_1,3,20.33,131
Cl6Zr2_1,1,9.37,44
Cr2Sb6_1,1,2.4,4
C1Co2_1,1,1.1,1
Te2V2_1,3,194.268,1498
Sb2Ti2_1,3,63.464,562
As2Ru2_2,3,194.268,1498
Fe2Te4_1,3,58.398,496
S2Ti2_2,3,194.268,1498
Bi2Ti2_1,3,194.268,1498
Mn2Se4_1,3,58.398,496
Ni2O4_1,3,58.398,496
Mo2P4_4,3,58.398,496
Ni2O4_2,3,58.398,496
As8Cr2_1,3,4.9,16
Fe2Se4_1,3,58.398,496
Cu2O2_4,1,40.203,301
Mn2Sb6_1,1,2.4,4
Cr2Se4_1,3,58.398,496
S2V2_4,3,194.268,1498
Fe2S4_1,3,58.398,496
Cl4Fe2_2,3,58.398,496
Co2Ge2_1,3,63.464,562
Mn2Te8_1,1,14.75,82
Cr2P4_2,3,58.398,496
Bi6Fe2_2,1,15.85,92
F6Mn2_1,1,2.4,4
Ni2Se4_1,3,58.398,496
O2Ti2_7,3,63.464,562
Br4Mn2_1,3,58.398,496
Co2O2_1,3,186.205,1435
Cr2P8_2,3,20.34,132
Mn2Te4_1,3,58.398,496
As8Co2_1,1,14.75,82
Bi4V2_2,3,58.398,496
As4Cr2_1,3,58.398,496
Co2Se2_3,3,186.205,1435
Bi4Cr2_1,3,58.398,496
Cr2Sb4_1,3,58.398,496
Ru2S8_1,1,14.75,82
Bi8Co2_1,1,2.4,4
Bi2Nb2_2,3,63.464,562
Ni2Se3_1,1,1.1,1
F6Mn2_5,3,55.358,456
Ru2S2_1,3,186.205,1435
O6Ru2_2,1,5.13,20
Cl6Pd2_2,1,15.85,92
P8V2_2,3,4.9,16
Mo2N2_4,3,186.205,1435
Cr2Te8_2,1,2.4,4
F4Ni2_1,3,58.398,496
In8Mn2_3,1,127.387,1047
Bi8Ru2_1,3,55.358,456
Cr2Ge2_3,3,194.268,1498
Se2Ti2_1,3,194.268,1498
Co2Sn4_2,3,58.398,496
B2Co2_5,1,1.1,1
Cl4Nb2_1,1,1.1,1
F6Ru2_2,3,20.33,131
Cr2In2_5,1,1.1,1
Te4V2_1,1,1.1,1
F6Mn2_4,1,4.7,14
Co2F6_1,1,15.85,92
Fe2N2_1,3,186.205,1435
Ga2Ru2_4,3,194.268,1498
Cl6Mn2_1,1,2.4,4
I4Rh2_1,3,58.398,496
Br4Mo2_1,3,58.398,496
N4Nb2_4,3,194.268,1498
F8Ni2_1,1,9.37,44
Rh2Tl2_1,3,194.268,1498
F4Mn2_1,3,58.398,496
Cu2F6_2,1,15.85,92
Mn2Te8_3,1,2.4,4
Mn2Pb8_1,1,114.275,935
Cu2O2_6,3,186.205,1435
S2V2_3,3,186.205,1435
I4Nb2_1,3,58.398,496
Ge2Ru2_2,3,194.268,1498
Mo2P8_1,3,55.358,456
O4V2_3,1,9.37,44
P2Zr2_2,1,9.37,44
Co2P2_4,3,186.205,1435
Mn2S2_2,3,186.205,1435
F6Pd2_1,1,2.4,4
F6Fe2_1,1,15.85,92
Bi6Cr2_4,1,1.1,1
Cr2F8_cluster1,1,5.13,20
Cr2F8_cluster2,1,9.37,44
Br4V2_1,3,58.398,496
Cl4Co2_1,1,9.37,44
Bi8Cr2_1,1,122.333,993
I6Nb2_1,1,15.85,92
F6Nb2_1,1,2.4,4
Fe2I4_1,1,9.37,44
F8Mn2_1,1,9.37,44
Cl4Nb2_2,3,58.398,496
Cr2F6_cluster2,3,20.33,131
Mn2Se2_1,3,186.205,1435
O6Rh2_1,1,15.85,92
Cl6Nb2_1,1,1.1,1
Mn2O2_5,3,186.205,1435
O4Ru2_2,1,1.1,1
Cd2F6_3,3,4.9,16
I4Ni2_1,1,9.37,44
Ni2P4_1,3,58.398,496
Tl2Zr2_1,3,194.268,1498
O2V2_3,3,194.268,1498
Br4Cu2_1,1,9.37,44
F6Ru2_1,1,15.85,92
N2V2_7,3,186.205,1435
F8V2_1,1,5.13,20
F10Zr2_1,1,1.1,1
Cr2F6_cluster1,1,15.85,92
Br6Pd2_1,1,9.37,44
Cl4Fe2_1,1,9.37,44
Cl6Pd2_1,1,9.37,44
B2Fe2_4,3,63.461,559
F4Sc2_1,3,58.398,496
F6V2_2,3,20.33,131
F6Fe2_2,1,5.13,20
F6Mo2_3,3,182.182,1412
Cl6Ti2_1,1,9.37,44
Cr2F4_cluster1,3,14.79,86
Ge2Mn2_3,1,9.37,44
F6V2_1,1,15.85,92
Co2N6_1,3,15.87,94
I4Ti2_1,3,58.398,496
Fe2Sn8_2,3,12.60,67
F6Zr2_2,1,15.85,92
F4V2_1,3,58.398,496
F4Y2_1,3,58.398,496
F6Mo2_2,1,15.85,92
F6Ti2_4,1,9.37,44
Al2Fe2_2,3,2.6,6
F6Ti2_3,1,4.7,14
B2Rh2_3,3,194.268,1498
Ag2F6_3,1,2.4,4
Fe2Sn3_1,3,2.6,6
O2Y2_1,3,186.205,1435
Ru2Si1_1,3,71.535,633
F8Nb2_3,1,9.37,44
Pb2Sc2_3,3,194.268,1498
O2Y2_4,3,131.438,1098
Mn2P2_4,0,determination_failed,0
O2Sc2_2,3,186.205,1435
Mo2Sn4_1,3,12.60,67
Fe2Sn10_2,3,12.60,67
Te4Ti2_1,3,2.6,6
F6Zr2_4,3,4.9,16
Al10Fe2_1,3,15.87,94
Fe2Ge1_1,3,12.60,67
O5Ru2_1,3,10.45,52
Co2Pb2_4,4,2.7,7
Ni2Sb4_1,3,58.398,496
O4Y2_5,3,58.398,496
As2Ni2_1,3,194.268,1498
Sc2Te2_1,3,194.268,1498
Fe2Ge4_2,3,12.60,67
Mn2O2_7,3,8.34,41
Pb10Ru2_1,3,12.60,67
P1Ru2_1,3,71.535,633
Pb3Ru2_1,3,12.61,68
Fe2Ga5_1,3,2.6,6
F6Ti2_6,1,1.1,1
Mn2O3_1,3,2.6,6
Cr2In5_1,3,2.6,6
B2Fe2_5,3,2.6,6
In6Mo2_1,3,59.407,505
Mn2Te3_1,3,12.61,68
Mn2Sn3_1,3,164.88,1318
Fe2Si2_4,3,129.419,1079
Cr2S2_3,1,1.1,1
Mn2Tl13_1,1,1.1,1
Bi4V2_1,3,2.6,6
Cr2Pb13_1,3,2.6,6
Ge2V2_2,3,194.266,1496
P8Zr2_1,1,14.75,82
Fe2Ge1_2,3,2.6,6
Mn2Pb4_2,3,2.6,6
As2Cr2_4,3,63.459,557
Fe2Pb4_2,3,2.6,6
Co2Pb3_1,3,2.6,6
Fe2Pb2_1,3,11.53,60
Ga4Ti2_1,4,12.64,71
Mn2Pb8_2,3,2.6,6
Fe2Tl3_1,3,10.45,52
Bi6Cr2_3,3,12.60,67
F4Fe2_2,3,2.6,6
Cr2Pb8_2,3,13.67,74
Cr2Ge3_1,3,12.61,68
O2Rh2_7,4,2.7,7
Al5Mn2_1,3,12.61,68
Cr2Sb2_2,4,2.7,7
As2Mo2_4,3,129.419,1079
Cr2F4_cluster2,3,15.87,94
Bi3Mn2_1,3,12.61,68
As2Nb2_2,3,194.268,1498
Bi8Fe2_1,3,2.6,6
Co2Tl3_1,3,10.45,52
C2Mo2_4,3,194.268,1498
Ge2V2_3,4,12.64,71
Al3Fe2_2,3,2.6,6
Cr2In8_2,4,2.7,7
Bi6Fe2_1,3,2.6,6
Pb2Ru2_3,3,11.53,60
Mn2N2_7,4,1.3,3
Mo2Sn5_1,3,12.61,68
Mn2Te8_2,3,15.87,94
Cr2Sb8_1,3,2.6,6
Co2Sb3_1,3,164.88,1318
Fe2Se8_1,3,49.267,365
Ni2Pb2_1,3,194.268,1498
Ni2Pb1_1,3,12.61,68
As1V2_1,3,12.61,68
Al2Mn2_2,4,124.360,1020
Cr2Si4_1,3,12.60,67
Cr2Ga2_2,4,12.64,71
Cr2P18_1,3,2.6,6
C2Sc2_4,3,187.213,1443
